stickers	1	kid_bubble_peach.webp	Bublinky broskev	615	172
stickers	2	kid_bubble_mint.webp	Bublinky máta	640	181
stickers	3	mat_plasticine.webp	Modelína	479	189
stickers	4	mat_gingerbread.webp	Perník	249	170
stickers	5	mat_neon.webp	Neon	347	188
stickers	6	kid_bubble_sky.webp	Bublinky nebe	465	190
stickers	7	kid_bubble_lemon.webp	Bublinky citron	640	193
stickers	8	kid_bubble_lavender.webp	Bublinky levandule	640	156
sheets	1	glyph_sheets_handwriting.webp	Rukopis	1100	1490
sheets	2	glyph_sheets_typography.webp	Typografie	1100	1560
sheets	3	glyph_sheets_calligraphy.webp	Kaligrafie	1100	4920
