space_invaders	10	preview	preview/preview.webp	Náhled	384	384
space_invaders	100	vessels	vessels/vessel_0.webp	Loď 1	256	189
space_invaders	101	vessels	vessels/vessel_1.webp	Loď 2	256	189
space_invaders	102	vessels	vessels/vessel_2.webp	Loď 3	256	189
space_invaders	103	vessels	vessels/vessel_3.webp	Loď 4	256	189
space_invaders	104	vessels	vessels/vessel_4.webp	Loď 5	256	189
space_invaders	105	vessels	vessels/vessel_5.webp	Loď 6	256	189
space_invaders	200	enemies	enemies/roster.webp	Přehled nepřátel	756	216
space_invaders	201	enemies	enemies/falcon.webp	Falcon	256	256
space_invaders	202	enemies	enemies/falcon1.webp	Falcon 1	256	256
space_invaders	203	enemies	enemies/falcon2.webp	Falcon 2	256	256
space_invaders	204	enemies	enemies/falcon3.webp	Falcon 3	256	256
space_invaders	205	enemies	enemies/falcon4.webp	Falcon 4	256	256
space_invaders	206	enemies	enemies/falcon5.webp	Falcon 5	256	256
space_invaders	207	enemies	enemies/falcon6.webp	Falcon 6	256	256
space_invaders	208	enemies	enemies/falconx.webp	Falcon X	256	256
space_invaders	209	enemies	enemies/falconx2.webp	Falcon X-II	256	256
space_invaders	210	enemies	enemies/falconx3.webp	Falcon X-III	256	256
space_invaders	211	enemies	enemies/falconxb.webp	Falcon XB	256	256
space_invaders	212	enemies	enemies/falconxt.webp	Falcon XT	256	256
space_invaders	300	boss	boss/bouncer.webp	Bouncer	231	256
space_invaders	400	asteroids	asteroids/asteroid.webp	Asteroid 1	256	244
space_invaders	401	asteroids	asteroids/asteroid1.webp	Asteroid 2	136	256
space_invaders	402	asteroids	asteroids/asteroid2.webp	Asteroid 3	177	256
space_invaders	403	asteroids	asteroids/asteroid3.webp	Asteroid 4	256	173
space_invaders	500	fx	fx/blaster.webp	Blaster	256	73
space_invaders	501	fx	fx/bubble.webp	Bublina	240	232
space_invaders	502	fx	fx/explosion1.webp	Exploze 1	256	256
space_invaders	503	fx	fx/explosion2.webp	Exploze 2	256	256
space_invaders	504	fx	fx/explosion3.webp	Exploze 3	256	256
space_invaders	505	fx	fx/explosion4.webp	Exploze 4	256	256
space_invaders	506	fx	fx/laser.webp	Laser	160	160
space_invaders	507	fx	fx/rododendron.webp	Rododendron	256	256
space_invaders	508	fx	fx/starg.webp	Hvězda (zelená)	96	96
space_invaders	509	fx	fx/vulcan.webp	Vulcan	40	96
space_invaders	600	ui	ui/comcenter_bg.webp	Com Center	128	256
space_invaders	601	ui	ui/icon_bomb.webp	Bomba	128	128
space_invaders	602	ui	ui/icon_credit.webp	Kredity	128	128
space_invaders	603	ui	ui/icon_gen.webp	Generátor	128	128
space_invaders	604	ui	ui/icon_life.webp	Život	128	128
space_invaders	605	ui	ui/icon_shield.webp	Štít	128	128
space_invaders	606	ui	ui/ui_button.webp	Tlačítko	256	64
space_invaders	607	ui	ui/ui_card_bg.webp	Karta	192	192
space_invaders	608	ui	ui/ui_tab_active.webp	Aktivní záložka	256	64
space_invaders	700	backgrounds	backgrounds/layer_0.webp	Vrstva 0	320	640
space_invaders	701	backgrounds	backgrounds/layer_1.webp	Vrstva 1	320	640
space_invaders	702	backgrounds	backgrounds/layer_2.webp	Vrstva 2	320	640
space_invaders	703	backgrounds	backgrounds/layer_3.webp	Vrstva 3	320	640
space_invaders	800	sfx	sfx/explosion_large.m4a	Velká exploze	1	
space_invaders	801	sfx	sfx/explosion_small.m4a	Malá exploze	1	
space_invaders	802	sfx	sfx/fire_beam.m4a	Paprsek	1	
space_invaders	803	sfx	sfx/fire_bullet.m4a	Výstřel	1	
space_invaders	804	sfx	sfx/game_over.m4a	Konec hry	2	
space_invaders	805	sfx	sfx/hit_hull.m4a	Zásah trupu	1	
space_invaders	806	sfx	sfx/hit_shield.m4a	Zásah štítu	1	
space_invaders	807	sfx	sfx/pickup.m4a	Bonus	1	
space_invaders	808	sfx	sfx/sector_complete.m4a	Sektor dokončen	2	
space_invaders	809	sfx	sfx/weapon_unlock.m4a	Nová zbraň	1	
space_invaders	900	music	music/intro.m4a	Intro	12	
space_invaders	901	music	music/theme_1.m4a	Téma 1	40	
space_invaders	902	music	music/theme_2.m4a	Téma 2	40	
space_invaders	903	music	music/theme_3.m4a	Téma 3	40	
space_invaders	904	music	music/theme_4.m4a	Téma 4	40	
space_invaders	905	music	music/theme_5.m4a	Téma 5 (boss)	45	
asteroids	10	preview	preview/preview.webp	Náhled	384	384
asteroids	100	vessels	vessels/vessel_0.webp	Loď 1	256	189
asteroids	101	vessels	vessels/vessel_1.webp	Loď 2	256	189
asteroids	102	vessels	vessels/vessel_2.webp	Loď 3	256	189
asteroids	103	vessels	vessels/vessel_3.webp	Loď 4	256	189
asteroids	104	vessels	vessels/vessel_4.webp	Loď 5	256	189
asteroids	105	vessels	vessels/vessel_5.webp	Loď 6	256	189
asteroids	200	enemies	enemies/roster.webp	Přehled nepřátel	756	216
asteroids	201	enemies	enemies/falcon.webp	Falcon	256	256
asteroids	202	enemies	enemies/falcon1.webp	Falcon 1	256	256
asteroids	203	enemies	enemies/falcon2.webp	Falcon 2	256	256
asteroids	204	enemies	enemies/falcon3.webp	Falcon 3	256	256
asteroids	205	enemies	enemies/falcon4.webp	Falcon 4	256	256
asteroids	206	enemies	enemies/falcon5.webp	Falcon 5	256	256
asteroids	207	enemies	enemies/falcon6.webp	Falcon 6	256	256
asteroids	208	enemies	enemies/falconx.webp	Falcon X	256	256
asteroids	209	enemies	enemies/falconx2.webp	Falcon X-II	256	256
asteroids	210	enemies	enemies/falconx3.webp	Falcon X-III	256	256
asteroids	211	enemies	enemies/falconxb.webp	Falcon XB	256	256
asteroids	212	enemies	enemies/falconxt.webp	Falcon XT	256	256
asteroids	300	boss	boss/bouncer.webp	Bouncer	231	256
asteroids	400	asteroids	asteroids/asteroid.webp	Asteroid 1	256	244
asteroids	401	asteroids	asteroids/asteroid1.webp	Asteroid 2	136	256
asteroids	402	asteroids	asteroids/asteroid2.webp	Asteroid 3	177	256
asteroids	403	asteroids	asteroids/asteroid3.webp	Asteroid 4	256	173
asteroids	500	fx	fx/blaster.webp	Blaster	256	73
asteroids	501	fx	fx/bubble.webp	Bublina	240	232
asteroids	502	fx	fx/explosion1.webp	Exploze 1	256	256
asteroids	503	fx	fx/explosion2.webp	Exploze 2	256	256
asteroids	504	fx	fx/explosion3.webp	Exploze 3	256	256
asteroids	505	fx	fx/explosion4.webp	Exploze 4	256	256
asteroids	506	fx	fx/laser.webp	Laser	160	160
asteroids	507	fx	fx/rododendron.webp	Rododendron	256	256
asteroids	508	fx	fx/starg.webp	Hvězda (zelená)	96	96
asteroids	509	fx	fx/vulcan.webp	Vulcan	40	96
asteroids	600	ui	ui/comcenter_bg.webp	Com Center	128	256
asteroids	601	ui	ui/icon_bomb.webp	Bomba	128	128
asteroids	602	ui	ui/icon_credit.webp	Kredity	128	128
asteroids	603	ui	ui/icon_gen.webp	Generátor	128	128
asteroids	604	ui	ui/icon_life.webp	Život	128	128
asteroids	605	ui	ui/icon_shield.webp	Štít	128	128
asteroids	606	ui	ui/ui_button.webp	Tlačítko	256	64
asteroids	607	ui	ui/ui_card_bg.webp	Karta	192	192
asteroids	608	ui	ui/ui_tab_active.webp	Aktivní záložka	256	64
asteroids	700	backgrounds	backgrounds/layer_0.webp	Vrstva 0	320	640
asteroids	701	backgrounds	backgrounds/layer_1.webp	Vrstva 1	320	640
asteroids	702	backgrounds	backgrounds/layer_2.webp	Vrstva 2	320	640
asteroids	703	backgrounds	backgrounds/layer_3.webp	Vrstva 3	320	640
asteroids	800	sfx	sfx/explosion_large.m4a	Velká exploze	1	
asteroids	801	sfx	sfx/explosion_small.m4a	Malá exploze	1	
asteroids	802	sfx	sfx/fire_beam.m4a	Paprsek	1	
asteroids	803	sfx	sfx/fire_bullet.m4a	Výstřel	1	
asteroids	804	sfx	sfx/game_over.m4a	Konec hry	2	
asteroids	805	sfx	sfx/hit_hull.m4a	Zásah trupu	1	
asteroids	806	sfx	sfx/hit_shield.m4a	Zásah štítu	1	
asteroids	807	sfx	sfx/pickup.m4a	Bonus	1	
asteroids	808	sfx	sfx/sector_complete.m4a	Sektor dokončen	2	
asteroids	809	sfx	sfx/weapon_unlock.m4a	Nová zbraň	1	
asteroids	900	music	music/intro.m4a	Intro	12	
asteroids	901	music	music/theme_1.m4a	Téma 1	40	
asteroids	902	music	music/theme_2.m4a	Téma 2	40	
asteroids	903	music	music/theme_3.m4a	Téma 3	40	
asteroids	904	music	music/theme_4.m4a	Téma 4	40	
asteroids	905	music	music/theme_5.m4a	Téma 5 (boss)	45	
galaga	10	preview	preview/preview.webp	Náhled	384	384
galaga	100	vessels	vessels/vessel_0.webp	Loď 1	256	189
galaga	101	vessels	vessels/vessel_1.webp	Loď 2	256	189
galaga	102	vessels	vessels/vessel_2.webp	Loď 3	256	189
galaga	103	vessels	vessels/vessel_3.webp	Loď 4	256	189
galaga	104	vessels	vessels/vessel_4.webp	Loď 5	256	189
galaga	105	vessels	vessels/vessel_5.webp	Loď 6	256	189
galaga	200	enemies	enemies/roster.webp	Přehled nepřátel	756	216
galaga	201	enemies	enemies/falcon.webp	Falcon	256	256
galaga	202	enemies	enemies/falcon1.webp	Falcon 1	256	256
galaga	203	enemies	enemies/falcon2.webp	Falcon 2	256	256
galaga	204	enemies	enemies/falcon3.webp	Falcon 3	256	256
galaga	205	enemies	enemies/falcon4.webp	Falcon 4	256	256
galaga	206	enemies	enemies/falcon5.webp	Falcon 5	256	256
galaga	207	enemies	enemies/falcon6.webp	Falcon 6	256	256
galaga	208	enemies	enemies/falconx.webp	Falcon X	256	256
galaga	209	enemies	enemies/falconx2.webp	Falcon X-II	256	256
galaga	210	enemies	enemies/falconx3.webp	Falcon X-III	256	256
galaga	211	enemies	enemies/falconxb.webp	Falcon XB	256	256
galaga	212	enemies	enemies/falconxt.webp	Falcon XT	256	256
galaga	300	boss	boss/bouncer.webp	Bouncer	231	256
galaga	400	asteroids	asteroids/asteroid.webp	Asteroid 1	256	244
galaga	401	asteroids	asteroids/asteroid1.webp	Asteroid 2	136	256
galaga	402	asteroids	asteroids/asteroid2.webp	Asteroid 3	177	256
galaga	403	asteroids	asteroids/asteroid3.webp	Asteroid 4	256	173
galaga	500	fx	fx/blaster.webp	Blaster	256	73
galaga	501	fx	fx/bubble.webp	Bublina	240	232
galaga	502	fx	fx/explosion1.webp	Exploze 1	256	256
galaga	503	fx	fx/explosion2.webp	Exploze 2	256	256
galaga	504	fx	fx/explosion3.webp	Exploze 3	256	256
galaga	505	fx	fx/explosion4.webp	Exploze 4	256	256
galaga	506	fx	fx/laser.webp	Laser	160	160
galaga	507	fx	fx/rododendron.webp	Rododendron	256	256
galaga	508	fx	fx/starg.webp	Hvězda (zelená)	96	96
galaga	509	fx	fx/vulcan.webp	Vulcan	40	96
galaga	600	ui	ui/comcenter_bg.webp	Com Center	128	256
galaga	601	ui	ui/icon_bomb.webp	Bomba	128	128
galaga	602	ui	ui/icon_credit.webp	Kredity	128	128
galaga	603	ui	ui/icon_gen.webp	Generátor	128	128
galaga	604	ui	ui/icon_life.webp	Život	128	128
galaga	605	ui	ui/icon_shield.webp	Štít	128	128
galaga	606	ui	ui/ui_button.webp	Tlačítko	256	64
galaga	607	ui	ui/ui_card_bg.webp	Karta	192	192
galaga	608	ui	ui/ui_tab_active.webp	Aktivní záložka	256	64
galaga	700	backgrounds	backgrounds/layer_0.webp	Vrstva 0	320	640
galaga	701	backgrounds	backgrounds/layer_1.webp	Vrstva 1	320	640
galaga	702	backgrounds	backgrounds/layer_2.webp	Vrstva 2	320	640
galaga	703	backgrounds	backgrounds/layer_3.webp	Vrstva 3	320	640
galaga	800	sfx	sfx/explosion_large.m4a	Velká exploze	1	
galaga	801	sfx	sfx/explosion_small.m4a	Malá exploze	1	
galaga	802	sfx	sfx/fire_beam.m4a	Paprsek	1	
galaga	803	sfx	sfx/fire_bullet.m4a	Výstřel	1	
galaga	804	sfx	sfx/game_over.m4a	Konec hry	2	
galaga	805	sfx	sfx/hit_hull.m4a	Zásah trupu	1	
galaga	806	sfx	sfx/hit_shield.m4a	Zásah štítu	1	
galaga	807	sfx	sfx/pickup.m4a	Bonus	1	
galaga	808	sfx	sfx/sector_complete.m4a	Sektor dokončen	2	
galaga	809	sfx	sfx/weapon_unlock.m4a	Nová zbraň	1	
galaga	900	music	music/intro.m4a	Intro	12	
galaga	901	music	music/theme_1.m4a	Téma 1	40	
galaga	902	music	music/theme_2.m4a	Téma 2	40	
galaga	903	music	music/theme_3.m4a	Téma 3	40	
galaga	904	music	music/theme_4.m4a	Téma 4	40	
galaga	905	music	music/theme_5.m4a	Téma 5 (boss)	45	
rtype	10	preview	preview/preview.webp	Náhled	384	384
rtype	100	vessels	vessels/vessel_0.webp	Loď 1	256	189
rtype	101	vessels	vessels/vessel_1.webp	Loď 2	256	189
rtype	102	vessels	vessels/vessel_2.webp	Loď 3	256	189
rtype	103	vessels	vessels/vessel_3.webp	Loď 4	256	189
rtype	104	vessels	vessels/vessel_4.webp	Loď 5	256	189
rtype	105	vessels	vessels/vessel_5.webp	Loď 6	256	189
rtype	200	enemies	enemies/roster.webp	Přehled nepřátel	756	216
rtype	201	enemies	enemies/falcon.webp	Falcon	256	256
rtype	202	enemies	enemies/falcon1.webp	Falcon 1	256	256
rtype	203	enemies	enemies/falcon2.webp	Falcon 2	256	256
rtype	204	enemies	enemies/falcon3.webp	Falcon 3	256	256
rtype	205	enemies	enemies/falcon4.webp	Falcon 4	256	256
rtype	206	enemies	enemies/falcon5.webp	Falcon 5	256	256
rtype	207	enemies	enemies/falcon6.webp	Falcon 6	256	256
rtype	208	enemies	enemies/falconx.webp	Falcon X	256	256
rtype	209	enemies	enemies/falconx2.webp	Falcon X-II	256	256
rtype	210	enemies	enemies/falconx3.webp	Falcon X-III	256	256
rtype	211	enemies	enemies/falconxb.webp	Falcon XB	256	256
rtype	212	enemies	enemies/falconxt.webp	Falcon XT	256	256
rtype	300	boss	boss/bouncer.webp	Bouncer	231	256
rtype	400	asteroids	asteroids/asteroid.webp	Asteroid 1	256	244
rtype	401	asteroids	asteroids/asteroid1.webp	Asteroid 2	136	256
rtype	402	asteroids	asteroids/asteroid2.webp	Asteroid 3	177	256
rtype	403	asteroids	asteroids/asteroid3.webp	Asteroid 4	256	173
rtype	500	fx	fx/blaster.webp	Blaster	256	73
rtype	501	fx	fx/bubble.webp	Bublina	240	232
rtype	502	fx	fx/explosion1.webp	Exploze 1	256	256
rtype	503	fx	fx/explosion2.webp	Exploze 2	256	256
rtype	504	fx	fx/explosion3.webp	Exploze 3	256	256
rtype	505	fx	fx/explosion4.webp	Exploze 4	256	256
rtype	506	fx	fx/laser.webp	Laser	160	160
rtype	507	fx	fx/rododendron.webp	Rododendron	256	256
rtype	508	fx	fx/starg.webp	Hvězda (zelená)	96	96
rtype	509	fx	fx/vulcan.webp	Vulcan	40	96
rtype	600	ui	ui/comcenter_bg.webp	Com Center	128	256
rtype	601	ui	ui/icon_bomb.webp	Bomba	128	128
rtype	602	ui	ui/icon_credit.webp	Kredity	128	128
rtype	603	ui	ui/icon_gen.webp	Generátor	128	128
rtype	604	ui	ui/icon_life.webp	Život	128	128
rtype	605	ui	ui/icon_shield.webp	Štít	128	128
rtype	606	ui	ui/ui_button.webp	Tlačítko	256	64
rtype	607	ui	ui/ui_card_bg.webp	Karta	192	192
rtype	608	ui	ui/ui_tab_active.webp	Aktivní záložka	256	64
rtype	700	backgrounds	backgrounds/layer_0.webp	Vrstva 0	320	640
rtype	701	backgrounds	backgrounds/layer_1.webp	Vrstva 1	320	640
rtype	702	backgrounds	backgrounds/layer_2.webp	Vrstva 2	320	640
rtype	703	backgrounds	backgrounds/layer_3.webp	Vrstva 3	320	640
rtype	800	sfx	sfx/explosion_large.m4a	Velká exploze	1	
rtype	801	sfx	sfx/explosion_small.m4a	Malá exploze	1	
rtype	802	sfx	sfx/fire_beam.m4a	Paprsek	1	
rtype	803	sfx	sfx/fire_bullet.m4a	Výstřel	1	
rtype	804	sfx	sfx/game_over.m4a	Konec hry	2	
rtype	805	sfx	sfx/hit_hull.m4a	Zásah trupu	1	
rtype	806	sfx	sfx/hit_shield.m4a	Zásah štítu	1	
rtype	807	sfx	sfx/pickup.m4a	Bonus	1	
rtype	808	sfx	sfx/sector_complete.m4a	Sektor dokončen	2	
rtype	809	sfx	sfx/weapon_unlock.m4a	Nová zbraň	1	
rtype	900	music	music/intro.m4a	Intro	12	
rtype	901	music	music/theme_1.m4a	Téma 1	40	
rtype	902	music	music/theme_2.m4a	Téma 2	40	
rtype	903	music	music/theme_3.m4a	Téma 3	40	
rtype	904	music	music/theme_4.m4a	Téma 4	40	
rtype	905	music	music/theme_5.m4a	Téma 5 (boss)	45	
blazing_lazers	10	preview	preview/preview.webp	Náhled	384	384
blazing_lazers	100	vessels	vessels/vessel_0.webp	Loď 1	256	189
blazing_lazers	101	vessels	vessels/vessel_1.webp	Loď 2	256	189
blazing_lazers	102	vessels	vessels/vessel_2.webp	Loď 3	256	189
blazing_lazers	103	vessels	vessels/vessel_3.webp	Loď 4	256	189
blazing_lazers	104	vessels	vessels/vessel_4.webp	Loď 5	256	189
blazing_lazers	105	vessels	vessels/vessel_5.webp	Loď 6	256	189
blazing_lazers	200	enemies	enemies/roster.webp	Přehled nepřátel	756	216
blazing_lazers	201	enemies	enemies/falcon.webp	Falcon	256	256
blazing_lazers	202	enemies	enemies/falcon1.webp	Falcon 1	256	256
blazing_lazers	203	enemies	enemies/falcon2.webp	Falcon 2	256	256
blazing_lazers	204	enemies	enemies/falcon3.webp	Falcon 3	256	256
blazing_lazers	205	enemies	enemies/falcon4.webp	Falcon 4	256	256
blazing_lazers	206	enemies	enemies/falcon5.webp	Falcon 5	256	256
blazing_lazers	207	enemies	enemies/falcon6.webp	Falcon 6	256	256
blazing_lazers	208	enemies	enemies/falconx.webp	Falcon X	256	256
blazing_lazers	209	enemies	enemies/falconx2.webp	Falcon X-II	256	256
blazing_lazers	210	enemies	enemies/falconx3.webp	Falcon X-III	256	256
blazing_lazers	211	enemies	enemies/falconxb.webp	Falcon XB	256	256
blazing_lazers	212	enemies	enemies/falconxt.webp	Falcon XT	256	256
blazing_lazers	300	boss	boss/bouncer.webp	Bouncer	231	256
blazing_lazers	400	asteroids	asteroids/asteroid.webp	Asteroid 1	256	244
blazing_lazers	401	asteroids	asteroids/asteroid1.webp	Asteroid 2	136	256
blazing_lazers	402	asteroids	asteroids/asteroid2.webp	Asteroid 3	177	256
blazing_lazers	403	asteroids	asteroids/asteroid3.webp	Asteroid 4	256	173
blazing_lazers	500	fx	fx/blaster.webp	Blaster	256	73
blazing_lazers	501	fx	fx/bubble.webp	Bublina	240	232
blazing_lazers	502	fx	fx/explosion1.webp	Exploze 1	256	256
blazing_lazers	503	fx	fx/explosion2.webp	Exploze 2	256	256
blazing_lazers	504	fx	fx/explosion3.webp	Exploze 3	256	256
blazing_lazers	505	fx	fx/explosion4.webp	Exploze 4	256	256
blazing_lazers	506	fx	fx/laser.webp	Laser	160	160
blazing_lazers	507	fx	fx/rododendron.webp	Rododendron	256	256
blazing_lazers	508	fx	fx/starg.webp	Hvězda (zelená)	96	96
blazing_lazers	509	fx	fx/vulcan.webp	Vulcan	40	96
blazing_lazers	600	ui	ui/comcenter_bg.webp	Com Center	128	256
blazing_lazers	601	ui	ui/icon_bomb.webp	Bomba	128	128
blazing_lazers	602	ui	ui/icon_credit.webp	Kredity	128	128
blazing_lazers	603	ui	ui/icon_gen.webp	Generátor	128	128
blazing_lazers	604	ui	ui/icon_life.webp	Život	128	128
blazing_lazers	605	ui	ui/icon_shield.webp	Štít	128	128
blazing_lazers	606	ui	ui/ui_button.webp	Tlačítko	256	64
blazing_lazers	607	ui	ui/ui_card_bg.webp	Karta	192	192
blazing_lazers	608	ui	ui/ui_tab_active.webp	Aktivní záložka	256	64
blazing_lazers	700	backgrounds	backgrounds/layer_0.webp	Vrstva 0	320	640
blazing_lazers	701	backgrounds	backgrounds/layer_1.webp	Vrstva 1	320	640
blazing_lazers	702	backgrounds	backgrounds/layer_2.webp	Vrstva 2	320	640
blazing_lazers	703	backgrounds	backgrounds/layer_3.webp	Vrstva 3	320	640
blazing_lazers	800	sfx	sfx/explosion_large.m4a	Velká exploze	1	
blazing_lazers	801	sfx	sfx/explosion_small.m4a	Malá exploze	1	
blazing_lazers	802	sfx	sfx/fire_beam.m4a	Paprsek	1	
blazing_lazers	803	sfx	sfx/fire_bullet.m4a	Výstřel	1	
blazing_lazers	804	sfx	sfx/game_over.m4a	Konec hry	2	
blazing_lazers	805	sfx	sfx/hit_hull.m4a	Zásah trupu	1	
blazing_lazers	806	sfx	sfx/hit_shield.m4a	Zásah štítu	1	
blazing_lazers	807	sfx	sfx/pickup.m4a	Bonus	1	
blazing_lazers	808	sfx	sfx/sector_complete.m4a	Sektor dokončen	2	
blazing_lazers	809	sfx	sfx/weapon_unlock.m4a	Nová zbraň	1	
blazing_lazers	900	music	music/intro.m4a	Intro	12	
blazing_lazers	901	music	music/theme_1.m4a	Téma 1	40	
blazing_lazers	902	music	music/theme_2.m4a	Téma 2	40	
blazing_lazers	903	music	music/theme_3.m4a	Téma 3	40	
blazing_lazers	904	music	music/theme_4.m4a	Téma 4	40	
blazing_lazers	905	music	music/theme_5.m4a	Téma 5 (boss)	45	
tyrian_dos	10	preview	preview/preview.webp	Náhled	384	384
tyrian_dos	100	vessels	vessels/vessel_0.webp	Loď 1	256	189
tyrian_dos	101	vessels	vessels/vessel_1.webp	Loď 2	256	189
tyrian_dos	102	vessels	vessels/vessel_2.webp	Loď 3	256	189
tyrian_dos	103	vessels	vessels/vessel_3.webp	Loď 4	256	189
tyrian_dos	104	vessels	vessels/vessel_4.webp	Loď 5	256	189
tyrian_dos	105	vessels	vessels/vessel_5.webp	Loď 6	256	189
tyrian_dos	200	enemies	enemies/roster.webp	Přehled nepřátel	756	216
tyrian_dos	201	enemies	enemies/falcon.webp	Falcon	256	256
tyrian_dos	202	enemies	enemies/falcon1.webp	Falcon 1	256	256
tyrian_dos	203	enemies	enemies/falcon2.webp	Falcon 2	256	256
tyrian_dos	204	enemies	enemies/falcon3.webp	Falcon 3	256	256
tyrian_dos	205	enemies	enemies/falcon4.webp	Falcon 4	256	256
tyrian_dos	206	enemies	enemies/falcon5.webp	Falcon 5	256	256
tyrian_dos	207	enemies	enemies/falcon6.webp	Falcon 6	256	256
tyrian_dos	208	enemies	enemies/falconx.webp	Falcon X	256	256
tyrian_dos	209	enemies	enemies/falconx2.webp	Falcon X-II	256	256
tyrian_dos	210	enemies	enemies/falconx3.webp	Falcon X-III	256	256
tyrian_dos	211	enemies	enemies/falconxb.webp	Falcon XB	256	256
tyrian_dos	212	enemies	enemies/falconxt.webp	Falcon XT	256	256
tyrian_dos	300	boss	boss/bouncer.webp	Bouncer	231	256
tyrian_dos	400	asteroids	asteroids/asteroid.webp	Asteroid 1	256	244
tyrian_dos	401	asteroids	asteroids/asteroid1.webp	Asteroid 2	136	256
tyrian_dos	402	asteroids	asteroids/asteroid2.webp	Asteroid 3	177	256
tyrian_dos	403	asteroids	asteroids/asteroid3.webp	Asteroid 4	256	173
tyrian_dos	500	fx	fx/blaster.webp	Blaster	256	73
tyrian_dos	501	fx	fx/bubble.webp	Bublina	240	232
tyrian_dos	502	fx	fx/explosion1.webp	Exploze 1	256	256
tyrian_dos	503	fx	fx/explosion2.webp	Exploze 2	256	256
tyrian_dos	504	fx	fx/explosion3.webp	Exploze 3	256	256
tyrian_dos	505	fx	fx/explosion4.webp	Exploze 4	256	256
tyrian_dos	506	fx	fx/laser.webp	Laser	160	160
tyrian_dos	507	fx	fx/rododendron.webp	Rododendron	256	256
tyrian_dos	508	fx	fx/starg.webp	Hvězda (zelená)	96	96
tyrian_dos	509	fx	fx/vulcan.webp	Vulcan	40	96
tyrian_dos	600	ui	ui/comcenter_bg.webp	Com Center	128	256
tyrian_dos	601	ui	ui/icon_bomb.webp	Bomba	128	128
tyrian_dos	602	ui	ui/icon_credit.webp	Kredity	128	128
tyrian_dos	603	ui	ui/icon_gen.webp	Generátor	128	128
tyrian_dos	604	ui	ui/icon_life.webp	Život	128	128
tyrian_dos	605	ui	ui/icon_shield.webp	Štít	128	128
tyrian_dos	606	ui	ui/ui_button.webp	Tlačítko	256	64
tyrian_dos	607	ui	ui/ui_card_bg.webp	Karta	192	192
tyrian_dos	608	ui	ui/ui_tab_active.webp	Aktivní záložka	256	64
tyrian_dos	700	backgrounds	backgrounds/layer_0.webp	Vrstva 0	320	640
tyrian_dos	701	backgrounds	backgrounds/layer_1.webp	Vrstva 1	320	640
tyrian_dos	702	backgrounds	backgrounds/layer_2.webp	Vrstva 2	320	640
tyrian_dos	703	backgrounds	backgrounds/layer_3.webp	Vrstva 3	320	640
tyrian_dos	800	sfx	sfx/explosion_large.m4a	Velká exploze	1	
tyrian_dos	801	sfx	sfx/explosion_small.m4a	Malá exploze	1	
tyrian_dos	802	sfx	sfx/fire_beam.m4a	Paprsek	1	
tyrian_dos	803	sfx	sfx/fire_bullet.m4a	Výstřel	1	
tyrian_dos	804	sfx	sfx/game_over.m4a	Konec hry	2	
tyrian_dos	805	sfx	sfx/hit_hull.m4a	Zásah trupu	1	
tyrian_dos	806	sfx	sfx/hit_shield.m4a	Zásah štítu	1	
tyrian_dos	807	sfx	sfx/pickup.m4a	Bonus	1	
tyrian_dos	808	sfx	sfx/sector_complete.m4a	Sektor dokončen	2	
tyrian_dos	809	sfx	sfx/weapon_unlock.m4a	Nová zbraň	1	
tyrian_dos	900	music	music/intro.m4a	Intro	12	
tyrian_dos	901	music	music/theme_1.m4a	Téma 1	40	
tyrian_dos	902	music	music/theme_2.m4a	Téma 2	40	
tyrian_dos	903	music	music/theme_3.m4a	Téma 3	40	
tyrian_dos	904	music	music/theme_4.m4a	Téma 4	40	
tyrian_dos	905	music	music/theme_5.m4a	Téma 5 (boss)	45	
ikaruga	10	preview	preview/preview.webp	Náhled	384	384
ikaruga	100	vessels	vessels/vessel_0.webp	Loď 1	256	189
ikaruga	101	vessels	vessels/vessel_1.webp	Loď 2	256	189
ikaruga	102	vessels	vessels/vessel_2.webp	Loď 3	256	189
ikaruga	103	vessels	vessels/vessel_3.webp	Loď 4	256	189
ikaruga	104	vessels	vessels/vessel_4.webp	Loď 5	256	189
ikaruga	105	vessels	vessels/vessel_5.webp	Loď 6	256	189
ikaruga	200	enemies	enemies/roster.webp	Přehled nepřátel	756	216
ikaruga	201	enemies	enemies/falcon.webp	Falcon	256	256
ikaruga	202	enemies	enemies/falcon1.webp	Falcon 1	256	256
ikaruga	203	enemies	enemies/falcon2.webp	Falcon 2	256	256
ikaruga	204	enemies	enemies/falcon3.webp	Falcon 3	256	256
ikaruga	205	enemies	enemies/falcon4.webp	Falcon 4	256	256
ikaruga	206	enemies	enemies/falcon5.webp	Falcon 5	256	256
ikaruga	207	enemies	enemies/falcon6.webp	Falcon 6	256	256
ikaruga	208	enemies	enemies/falconx.webp	Falcon X	256	256
ikaruga	209	enemies	enemies/falconx2.webp	Falcon X-II	256	256
ikaruga	210	enemies	enemies/falconx3.webp	Falcon X-III	256	256
ikaruga	211	enemies	enemies/falconxb.webp	Falcon XB	256	256
ikaruga	212	enemies	enemies/falconxt.webp	Falcon XT	256	256
ikaruga	300	boss	boss/bouncer.webp	Bouncer	231	256
ikaruga	400	asteroids	asteroids/asteroid.webp	Asteroid 1	256	244
ikaruga	401	asteroids	asteroids/asteroid1.webp	Asteroid 2	136	256
ikaruga	402	asteroids	asteroids/asteroid2.webp	Asteroid 3	177	256
ikaruga	403	asteroids	asteroids/asteroid3.webp	Asteroid 4	256	173
ikaruga	500	fx	fx/blaster.webp	Blaster	256	73
ikaruga	501	fx	fx/bubble.webp	Bublina	240	232
ikaruga	502	fx	fx/explosion1.webp	Exploze 1	256	256
ikaruga	503	fx	fx/explosion2.webp	Exploze 2	256	256
ikaruga	504	fx	fx/explosion3.webp	Exploze 3	256	256
ikaruga	505	fx	fx/explosion4.webp	Exploze 4	256	256
ikaruga	506	fx	fx/laser.webp	Laser	160	160
ikaruga	507	fx	fx/rododendron.webp	Rododendron	256	256
ikaruga	508	fx	fx/starg.webp	Hvězda (zelená)	96	96
ikaruga	509	fx	fx/vulcan.webp	Vulcan	40	96
ikaruga	600	ui	ui/comcenter_bg.webp	Com Center	128	256
ikaruga	601	ui	ui/icon_bomb.webp	Bomba	128	128
ikaruga	602	ui	ui/icon_credit.webp	Kredity	128	128
ikaruga	603	ui	ui/icon_gen.webp	Generátor	128	128
ikaruga	604	ui	ui/icon_life.webp	Život	128	128
ikaruga	605	ui	ui/icon_shield.webp	Štít	128	128
ikaruga	606	ui	ui/ui_button.webp	Tlačítko	256	64
ikaruga	607	ui	ui/ui_card_bg.webp	Karta	192	192
ikaruga	608	ui	ui/ui_tab_active.webp	Aktivní záložka	256	64
ikaruga	700	backgrounds	backgrounds/layer_0.webp	Vrstva 0	320	640
ikaruga	701	backgrounds	backgrounds/layer_1.webp	Vrstva 1	320	640
ikaruga	702	backgrounds	backgrounds/layer_2.webp	Vrstva 2	320	640
ikaruga	703	backgrounds	backgrounds/layer_3.webp	Vrstva 3	320	640
ikaruga	800	sfx	sfx/explosion_large.m4a	Velká exploze	1	
ikaruga	801	sfx	sfx/explosion_small.m4a	Malá exploze	1	
ikaruga	802	sfx	sfx/fire_beam.m4a	Paprsek	1	
ikaruga	803	sfx	sfx/fire_bullet.m4a	Výstřel	1	
ikaruga	804	sfx	sfx/game_over.m4a	Konec hry	2	
ikaruga	805	sfx	sfx/hit_hull.m4a	Zásah trupu	1	
ikaruga	806	sfx	sfx/hit_shield.m4a	Zásah štítu	1	
ikaruga	807	sfx	sfx/pickup.m4a	Bonus	1	
ikaruga	808	sfx	sfx/sector_complete.m4a	Sektor dokončen	2	
ikaruga	809	sfx	sfx/weapon_unlock.m4a	Nová zbraň	1	
ikaruga	900	music	music/intro.m4a	Intro	12	
ikaruga	901	music	music/theme_1.m4a	Téma 1	40	
ikaruga	902	music	music/theme_2.m4a	Téma 2	40	
ikaruga	903	music	music/theme_3.m4a	Téma 3	40	
ikaruga	904	music	music/theme_4.m4a	Téma 4	40	
ikaruga	905	music	music/theme_5.m4a	Téma 5 (boss)	45	
geometry_wars	10	preview	preview/preview.webp	Náhled	384	384
geometry_wars	100	vessels	vessels/vessel_0.webp	Loď 1	256	189
geometry_wars	101	vessels	vessels/vessel_1.webp	Loď 2	256	189
geometry_wars	102	vessels	vessels/vessel_2.webp	Loď 3	256	189
geometry_wars	103	vessels	vessels/vessel_3.webp	Loď 4	256	189
geometry_wars	104	vessels	vessels/vessel_4.webp	Loď 5	256	189
geometry_wars	105	vessels	vessels/vessel_5.webp	Loď 6	256	189
geometry_wars	200	enemies	enemies/roster.webp	Přehled nepřátel	756	216
geometry_wars	201	enemies	enemies/falcon.webp	Falcon	256	256
geometry_wars	202	enemies	enemies/falcon1.webp	Falcon 1	256	256
geometry_wars	203	enemies	enemies/falcon2.webp	Falcon 2	256	256
geometry_wars	204	enemies	enemies/falcon3.webp	Falcon 3	256	256
geometry_wars	205	enemies	enemies/falcon4.webp	Falcon 4	256	256
geometry_wars	206	enemies	enemies/falcon5.webp	Falcon 5	256	256
geometry_wars	207	enemies	enemies/falcon6.webp	Falcon 6	256	256
geometry_wars	208	enemies	enemies/falconx.webp	Falcon X	256	256
geometry_wars	209	enemies	enemies/falconx2.webp	Falcon X-II	256	256
geometry_wars	210	enemies	enemies/falconx3.webp	Falcon X-III	256	256
geometry_wars	211	enemies	enemies/falconxb.webp	Falcon XB	256	256
geometry_wars	212	enemies	enemies/falconxt.webp	Falcon XT	256	256
geometry_wars	300	boss	boss/bouncer.webp	Bouncer	231	256
geometry_wars	400	asteroids	asteroids/asteroid.webp	Asteroid 1	256	244
geometry_wars	401	asteroids	asteroids/asteroid1.webp	Asteroid 2	136	256
geometry_wars	402	asteroids	asteroids/asteroid2.webp	Asteroid 3	177	256
geometry_wars	403	asteroids	asteroids/asteroid3.webp	Asteroid 4	256	173
geometry_wars	500	fx	fx/blaster.webp	Blaster	256	73
geometry_wars	501	fx	fx/bubble.webp	Bublina	240	232
geometry_wars	502	fx	fx/explosion1.webp	Exploze 1	256	256
geometry_wars	503	fx	fx/explosion2.webp	Exploze 2	256	256
geometry_wars	504	fx	fx/explosion3.webp	Exploze 3	256	256
geometry_wars	505	fx	fx/explosion4.webp	Exploze 4	256	256
geometry_wars	506	fx	fx/laser.webp	Laser	160	160
geometry_wars	507	fx	fx/rododendron.webp	Rododendron	256	256
geometry_wars	508	fx	fx/starg.webp	Hvězda (zelená)	96	96
geometry_wars	509	fx	fx/vulcan.webp	Vulcan	40	96
geometry_wars	600	ui	ui/comcenter_bg.webp	Com Center	128	256
geometry_wars	601	ui	ui/icon_bomb.webp	Bomba	128	128
geometry_wars	602	ui	ui/icon_credit.webp	Kredity	128	128
geometry_wars	603	ui	ui/icon_gen.webp	Generátor	128	128
geometry_wars	604	ui	ui/icon_life.webp	Život	128	128
geometry_wars	605	ui	ui/icon_shield.webp	Štít	128	128
geometry_wars	606	ui	ui/ui_button.webp	Tlačítko	256	64
geometry_wars	607	ui	ui/ui_card_bg.webp	Karta	192	192
geometry_wars	608	ui	ui/ui_tab_active.webp	Aktivní záložka	256	64
geometry_wars	700	backgrounds	backgrounds/layer_0.webp	Vrstva 0	320	640
geometry_wars	701	backgrounds	backgrounds/layer_1.webp	Vrstva 1	320	640
geometry_wars	702	backgrounds	backgrounds/layer_2.webp	Vrstva 2	320	640
geometry_wars	703	backgrounds	backgrounds/layer_3.webp	Vrstva 3	320	640
geometry_wars	800	sfx	sfx/explosion_large.m4a	Velká exploze	1	
geometry_wars	801	sfx	sfx/explosion_small.m4a	Malá exploze	1	
geometry_wars	802	sfx	sfx/fire_beam.m4a	Paprsek	1	
geometry_wars	803	sfx	sfx/fire_bullet.m4a	Výstřel	1	
geometry_wars	804	sfx	sfx/game_over.m4a	Konec hry	2	
geometry_wars	805	sfx	sfx/hit_hull.m4a	Zásah trupu	1	
geometry_wars	806	sfx	sfx/hit_shield.m4a	Zásah štítu	1	
geometry_wars	807	sfx	sfx/pickup.m4a	Bonus	1	
geometry_wars	808	sfx	sfx/sector_complete.m4a	Sektor dokončen	2	
geometry_wars	809	sfx	sfx/weapon_unlock.m4a	Nová zbraň	1	
geometry_wars	900	music	music/intro.m4a	Intro	12	
geometry_wars	901	music	music/theme_1.m4a	Téma 1	40	
geometry_wars	902	music	music/theme_2.m4a	Téma 2	40	
geometry_wars	903	music	music/theme_3.m4a	Téma 3	40	
geometry_wars	904	music	music/theme_4.m4a	Téma 4	40	
geometry_wars	905	music	music/theme_5.m4a	Téma 5 (boss)	45	
gradius_v	10	preview	preview/preview.webp	Náhled	384	384
gradius_v	100	vessels	vessels/vessel_0.webp	Loď 1	256	189
gradius_v	101	vessels	vessels/vessel_1.webp	Loď 2	256	189
gradius_v	102	vessels	vessels/vessel_2.webp	Loď 3	256	189
gradius_v	103	vessels	vessels/vessel_3.webp	Loď 4	256	189
gradius_v	104	vessels	vessels/vessel_4.webp	Loď 5	256	189
gradius_v	105	vessels	vessels/vessel_5.webp	Loď 6	256	189
gradius_v	200	enemies	enemies/roster.webp	Přehled nepřátel	756	216
gradius_v	201	enemies	enemies/falcon.webp	Falcon	256	256
gradius_v	202	enemies	enemies/falcon1.webp	Falcon 1	256	256
gradius_v	203	enemies	enemies/falcon2.webp	Falcon 2	256	256
gradius_v	204	enemies	enemies/falcon3.webp	Falcon 3	256	256
gradius_v	205	enemies	enemies/falcon4.webp	Falcon 4	256	256
gradius_v	206	enemies	enemies/falcon5.webp	Falcon 5	256	256
gradius_v	207	enemies	enemies/falcon6.webp	Falcon 6	256	256
gradius_v	208	enemies	enemies/falconx.webp	Falcon X	256	256
gradius_v	209	enemies	enemies/falconx2.webp	Falcon X-II	256	256
gradius_v	210	enemies	enemies/falconx3.webp	Falcon X-III	256	256
gradius_v	211	enemies	enemies/falconxb.webp	Falcon XB	256	256
gradius_v	212	enemies	enemies/falconxt.webp	Falcon XT	256	256
gradius_v	300	boss	boss/bouncer.webp	Bouncer	231	256
gradius_v	400	asteroids	asteroids/asteroid.webp	Asteroid 1	256	244
gradius_v	401	asteroids	asteroids/asteroid1.webp	Asteroid 2	136	256
gradius_v	402	asteroids	asteroids/asteroid2.webp	Asteroid 3	177	256
gradius_v	403	asteroids	asteroids/asteroid3.webp	Asteroid 4	256	173
gradius_v	500	fx	fx/blaster.webp	Blaster	256	73
gradius_v	501	fx	fx/bubble.webp	Bublina	240	232
gradius_v	502	fx	fx/explosion1.webp	Exploze 1	256	256
gradius_v	503	fx	fx/explosion2.webp	Exploze 2	256	256
gradius_v	504	fx	fx/explosion3.webp	Exploze 3	256	256
gradius_v	505	fx	fx/explosion4.webp	Exploze 4	256	256
gradius_v	506	fx	fx/laser.webp	Laser	160	160
gradius_v	507	fx	fx/rododendron.webp	Rododendron	256	256
gradius_v	508	fx	fx/starg.webp	Hvězda (zelená)	96	96
gradius_v	509	fx	fx/vulcan.webp	Vulcan	40	96
gradius_v	600	ui	ui/comcenter_bg.webp	Com Center	128	256
gradius_v	601	ui	ui/icon_bomb.webp	Bomba	128	128
gradius_v	602	ui	ui/icon_credit.webp	Kredity	128	128
gradius_v	603	ui	ui/icon_gen.webp	Generátor	128	128
gradius_v	604	ui	ui/icon_life.webp	Život	128	128
gradius_v	605	ui	ui/icon_shield.webp	Štít	128	128
gradius_v	606	ui	ui/ui_button.webp	Tlačítko	256	64
gradius_v	607	ui	ui/ui_card_bg.webp	Karta	192	192
gradius_v	608	ui	ui/ui_tab_active.webp	Aktivní záložka	256	64
gradius_v	700	backgrounds	backgrounds/layer_0.webp	Vrstva 0	320	640
gradius_v	701	backgrounds	backgrounds/layer_1.webp	Vrstva 1	320	640
gradius_v	702	backgrounds	backgrounds/layer_2.webp	Vrstva 2	320	640
gradius_v	703	backgrounds	backgrounds/layer_3.webp	Vrstva 3	320	640
gradius_v	800	sfx	sfx/explosion_large.m4a	Velká exploze	1	
gradius_v	801	sfx	sfx/explosion_small.m4a	Malá exploze	1	
gradius_v	802	sfx	sfx/fire_beam.m4a	Paprsek	1	
gradius_v	803	sfx	sfx/fire_bullet.m4a	Výstřel	1	
gradius_v	804	sfx	sfx/game_over.m4a	Konec hry	2	
gradius_v	805	sfx	sfx/hit_hull.m4a	Zásah trupu	1	
gradius_v	806	sfx	sfx/hit_shield.m4a	Zásah štítu	1	
gradius_v	807	sfx	sfx/pickup.m4a	Bonus	1	
gradius_v	808	sfx	sfx/sector_complete.m4a	Sektor dokončen	2	
gradius_v	809	sfx	sfx/weapon_unlock.m4a	Nová zbraň	1	
gradius_v	900	music	music/intro.m4a	Intro	12	
gradius_v	901	music	music/theme_1.m4a	Téma 1	40	
gradius_v	902	music	music/theme_2.m4a	Téma 2	40	
gradius_v	903	music	music/theme_3.m4a	Téma 3	40	
gradius_v	904	music	music/theme_4.m4a	Téma 4	40	
gradius_v	905	music	music/theme_5.m4a	Téma 5 (boss)	45	
luftrausers	10	preview	preview/preview.webp	Náhled	384	384
luftrausers	100	vessels	vessels/vessel_0.webp	Loď 1	256	189
luftrausers	101	vessels	vessels/vessel_1.webp	Loď 2	256	189
luftrausers	102	vessels	vessels/vessel_2.webp	Loď 3	256	189
luftrausers	103	vessels	vessels/vessel_3.webp	Loď 4	256	189
luftrausers	104	vessels	vessels/vessel_4.webp	Loď 5	256	189
luftrausers	105	vessels	vessels/vessel_5.webp	Loď 6	256	189
luftrausers	200	enemies	enemies/roster.webp	Přehled nepřátel	756	216
luftrausers	201	enemies	enemies/falcon.webp	Falcon	256	256
luftrausers	202	enemies	enemies/falcon1.webp	Falcon 1	256	256
luftrausers	203	enemies	enemies/falcon2.webp	Falcon 2	256	256
luftrausers	204	enemies	enemies/falcon3.webp	Falcon 3	256	256
luftrausers	205	enemies	enemies/falcon4.webp	Falcon 4	256	256
luftrausers	206	enemies	enemies/falcon5.webp	Falcon 5	256	256
luftrausers	207	enemies	enemies/falcon6.webp	Falcon 6	256	256
luftrausers	208	enemies	enemies/falconx.webp	Falcon X	256	256
luftrausers	209	enemies	enemies/falconx2.webp	Falcon X-II	256	256
luftrausers	210	enemies	enemies/falconx3.webp	Falcon X-III	256	256
luftrausers	211	enemies	enemies/falconxb.webp	Falcon XB	256	256
luftrausers	212	enemies	enemies/falconxt.webp	Falcon XT	256	256
luftrausers	300	boss	boss/bouncer.webp	Bouncer	231	256
luftrausers	400	asteroids	asteroids/asteroid.webp	Asteroid 1	256	244
luftrausers	401	asteroids	asteroids/asteroid1.webp	Asteroid 2	136	256
luftrausers	402	asteroids	asteroids/asteroid2.webp	Asteroid 3	177	256
luftrausers	403	asteroids	asteroids/asteroid3.webp	Asteroid 4	256	173
luftrausers	500	fx	fx/blaster.webp	Blaster	256	73
luftrausers	501	fx	fx/bubble.webp	Bublina	240	232
luftrausers	502	fx	fx/explosion1.webp	Exploze 1	256	256
luftrausers	503	fx	fx/explosion2.webp	Exploze 2	256	256
luftrausers	504	fx	fx/explosion3.webp	Exploze 3	256	256
luftrausers	505	fx	fx/explosion4.webp	Exploze 4	256	256
luftrausers	506	fx	fx/laser.webp	Laser	160	160
luftrausers	507	fx	fx/rododendron.webp	Rododendron	256	256
luftrausers	508	fx	fx/starg.webp	Hvězda (zelená)	96	96
luftrausers	509	fx	fx/vulcan.webp	Vulcan	40	96
luftrausers	600	ui	ui/comcenter_bg.webp	Com Center	128	256
luftrausers	601	ui	ui/icon_bomb.webp	Bomba	128	128
luftrausers	602	ui	ui/icon_credit.webp	Kredity	128	128
luftrausers	603	ui	ui/icon_gen.webp	Generátor	128	128
luftrausers	604	ui	ui/icon_life.webp	Život	128	128
luftrausers	605	ui	ui/icon_shield.webp	Štít	128	128
luftrausers	606	ui	ui/ui_button.webp	Tlačítko	256	64
luftrausers	607	ui	ui/ui_card_bg.webp	Karta	192	192
luftrausers	608	ui	ui/ui_tab_active.webp	Aktivní záložka	256	64
luftrausers	700	backgrounds	backgrounds/layer_0.webp	Vrstva 0	320	640
luftrausers	701	backgrounds	backgrounds/layer_1.webp	Vrstva 1	320	640
luftrausers	702	backgrounds	backgrounds/layer_2.webp	Vrstva 2	320	640
luftrausers	703	backgrounds	backgrounds/layer_3.webp	Vrstva 3	320	640
luftrausers	800	sfx	sfx/explosion_large.m4a	Velká exploze	1	
luftrausers	801	sfx	sfx/explosion_small.m4a	Malá exploze	1	
luftrausers	802	sfx	sfx/fire_beam.m4a	Paprsek	1	
luftrausers	803	sfx	sfx/fire_bullet.m4a	Výstřel	1	
luftrausers	804	sfx	sfx/game_over.m4a	Konec hry	2	
luftrausers	805	sfx	sfx/hit_hull.m4a	Zásah trupu	1	
luftrausers	806	sfx	sfx/hit_shield.m4a	Zásah štítu	1	
luftrausers	807	sfx	sfx/pickup.m4a	Bonus	1	
luftrausers	808	sfx	sfx/sector_complete.m4a	Sektor dokončen	2	
luftrausers	809	sfx	sfx/weapon_unlock.m4a	Nová zbraň	1	
luftrausers	900	music	music/intro.m4a	Intro	12	
luftrausers	901	music	music/theme_1.m4a	Téma 1	40	
luftrausers	902	music	music/theme_2.m4a	Téma 2	40	
luftrausers	903	music	music/theme_3.m4a	Téma 3	40	
luftrausers	904	music	music/theme_4.m4a	Téma 4	40	
luftrausers	905	music	music/theme_5.m4a	Téma 5 (boss)	45	
nuclear_throne	10	preview	preview/preview.webp	Náhled	384	384
nuclear_throne	100	vessels	vessels/vessel_0.webp	Loď 1	256	189
nuclear_throne	101	vessels	vessels/vessel_1.webp	Loď 2	256	189
nuclear_throne	102	vessels	vessels/vessel_2.webp	Loď 3	256	189
nuclear_throne	103	vessels	vessels/vessel_3.webp	Loď 4	256	189
nuclear_throne	104	vessels	vessels/vessel_4.webp	Loď 5	256	189
nuclear_throne	105	vessels	vessels/vessel_5.webp	Loď 6	256	189
nuclear_throne	200	enemies	enemies/roster.webp	Přehled nepřátel	756	216
nuclear_throne	201	enemies	enemies/falcon.webp	Falcon	256	256
nuclear_throne	202	enemies	enemies/falcon1.webp	Falcon 1	256	256
nuclear_throne	203	enemies	enemies/falcon2.webp	Falcon 2	256	256
nuclear_throne	204	enemies	enemies/falcon3.webp	Falcon 3	256	256
nuclear_throne	205	enemies	enemies/falcon4.webp	Falcon 4	256	256
nuclear_throne	206	enemies	enemies/falcon5.webp	Falcon 5	256	256
nuclear_throne	207	enemies	enemies/falcon6.webp	Falcon 6	256	256
nuclear_throne	208	enemies	enemies/falconx.webp	Falcon X	256	256
nuclear_throne	209	enemies	enemies/falconx2.webp	Falcon X-II	256	256
nuclear_throne	210	enemies	enemies/falconx3.webp	Falcon X-III	256	256
nuclear_throne	211	enemies	enemies/falconxb.webp	Falcon XB	256	256
nuclear_throne	212	enemies	enemies/falconxt.webp	Falcon XT	256	256
nuclear_throne	300	boss	boss/bouncer.webp	Bouncer	231	256
nuclear_throne	400	asteroids	asteroids/asteroid.webp	Asteroid 1	256	244
nuclear_throne	401	asteroids	asteroids/asteroid1.webp	Asteroid 2	136	256
nuclear_throne	402	asteroids	asteroids/asteroid2.webp	Asteroid 3	177	256
nuclear_throne	403	asteroids	asteroids/asteroid3.webp	Asteroid 4	256	173
nuclear_throne	500	fx	fx/blaster.webp	Blaster	256	73
nuclear_throne	501	fx	fx/bubble.webp	Bublina	240	232
nuclear_throne	502	fx	fx/explosion1.webp	Exploze 1	256	256
nuclear_throne	503	fx	fx/explosion2.webp	Exploze 2	256	256
nuclear_throne	504	fx	fx/explosion3.webp	Exploze 3	256	256
nuclear_throne	505	fx	fx/explosion4.webp	Exploze 4	256	256
nuclear_throne	506	fx	fx/laser.webp	Laser	160	160
nuclear_throne	507	fx	fx/rododendron.webp	Rododendron	256	256
nuclear_throne	508	fx	fx/starg.webp	Hvězda (zelená)	96	96
nuclear_throne	509	fx	fx/vulcan.webp	Vulcan	40	96
nuclear_throne	600	ui	ui/comcenter_bg.webp	Com Center	128	256
nuclear_throne	601	ui	ui/icon_bomb.webp	Bomba	128	128
nuclear_throne	602	ui	ui/icon_credit.webp	Kredity	128	128
nuclear_throne	603	ui	ui/icon_gen.webp	Generátor	128	128
nuclear_throne	604	ui	ui/icon_life.webp	Život	128	128
nuclear_throne	605	ui	ui/icon_shield.webp	Štít	128	128
nuclear_throne	606	ui	ui/ui_button.webp	Tlačítko	256	64
nuclear_throne	607	ui	ui/ui_card_bg.webp	Karta	192	192
nuclear_throne	608	ui	ui/ui_tab_active.webp	Aktivní záložka	256	64
nuclear_throne	700	backgrounds	backgrounds/layer_0.webp	Vrstva 0	320	640
nuclear_throne	701	backgrounds	backgrounds/layer_1.webp	Vrstva 1	320	640
nuclear_throne	702	backgrounds	backgrounds/layer_2.webp	Vrstva 2	320	640
nuclear_throne	703	backgrounds	backgrounds/layer_3.webp	Vrstva 3	320	640
nuclear_throne	800	sfx	sfx/explosion_large.m4a	Velká exploze	1	
nuclear_throne	801	sfx	sfx/explosion_small.m4a	Malá exploze	1	
nuclear_throne	802	sfx	sfx/fire_beam.m4a	Paprsek	1	
nuclear_throne	803	sfx	sfx/fire_bullet.m4a	Výstřel	1	
nuclear_throne	804	sfx	sfx/game_over.m4a	Konec hry	2	
nuclear_throne	805	sfx	sfx/hit_hull.m4a	Zásah trupu	1	
nuclear_throne	806	sfx	sfx/hit_shield.m4a	Zásah štítu	1	
nuclear_throne	807	sfx	sfx/pickup.m4a	Bonus	1	
nuclear_throne	808	sfx	sfx/sector_complete.m4a	Sektor dokončen	2	
nuclear_throne	809	sfx	sfx/weapon_unlock.m4a	Nová zbraň	1	
nuclear_throne	900	music	music/intro.m4a	Intro	12	
nuclear_throne	901	music	music/theme_1.m4a	Téma 1	40	
nuclear_throne	902	music	music/theme_2.m4a	Téma 2	40	
nuclear_throne	903	music	music/theme_3.m4a	Téma 3	40	
nuclear_throne	904	music	music/theme_4.m4a	Téma 4	40	
nuclear_throne	905	music	music/theme_5.m4a	Téma 5 (boss)	45	
nex_machina	10	preview	preview/preview.webp	Náhled	384	384
nex_machina	100	vessels	vessels/vessel_0.webp	Loď 1	256	189
nex_machina	101	vessels	vessels/vessel_1.webp	Loď 2	256	189
nex_machina	102	vessels	vessels/vessel_2.webp	Loď 3	256	189
nex_machina	103	vessels	vessels/vessel_3.webp	Loď 4	256	189
nex_machina	104	vessels	vessels/vessel_4.webp	Loď 5	256	189
nex_machina	105	vessels	vessels/vessel_5.webp	Loď 6	256	189
nex_machina	200	enemies	enemies/roster.webp	Přehled nepřátel	756	216
nex_machina	201	enemies	enemies/falcon.webp	Falcon	256	256
nex_machina	202	enemies	enemies/falcon1.webp	Falcon 1	256	256
nex_machina	203	enemies	enemies/falcon2.webp	Falcon 2	256	256
nex_machina	204	enemies	enemies/falcon3.webp	Falcon 3	256	256
nex_machina	205	enemies	enemies/falcon4.webp	Falcon 4	256	256
nex_machina	206	enemies	enemies/falcon5.webp	Falcon 5	256	256
nex_machina	207	enemies	enemies/falcon6.webp	Falcon 6	256	256
nex_machina	208	enemies	enemies/falconx.webp	Falcon X	256	256
nex_machina	209	enemies	enemies/falconx2.webp	Falcon X-II	256	256
nex_machina	210	enemies	enemies/falconx3.webp	Falcon X-III	256	256
nex_machina	211	enemies	enemies/falconxb.webp	Falcon XB	256	256
nex_machina	212	enemies	enemies/falconxt.webp	Falcon XT	256	256
nex_machina	300	boss	boss/bouncer.webp	Bouncer	231	256
nex_machina	400	asteroids	asteroids/asteroid.webp	Asteroid 1	256	244
nex_machina	401	asteroids	asteroids/asteroid1.webp	Asteroid 2	136	256
nex_machina	402	asteroids	asteroids/asteroid2.webp	Asteroid 3	177	256
nex_machina	403	asteroids	asteroids/asteroid3.webp	Asteroid 4	256	173
nex_machina	500	fx	fx/blaster.webp	Blaster	256	73
nex_machina	501	fx	fx/bubble.webp	Bublina	240	232
nex_machina	502	fx	fx/explosion1.webp	Exploze 1	256	256
nex_machina	503	fx	fx/explosion2.webp	Exploze 2	256	256
nex_machina	504	fx	fx/explosion3.webp	Exploze 3	256	256
nex_machina	505	fx	fx/explosion4.webp	Exploze 4	256	256
nex_machina	506	fx	fx/laser.webp	Laser	160	160
nex_machina	507	fx	fx/rododendron.webp	Rododendron	256	256
nex_machina	508	fx	fx/starg.webp	Hvězda (zelená)	96	96
nex_machina	509	fx	fx/vulcan.webp	Vulcan	40	96
nex_machina	600	ui	ui/comcenter_bg.webp	Com Center	128	256
nex_machina	601	ui	ui/icon_bomb.webp	Bomba	128	128
nex_machina	602	ui	ui/icon_credit.webp	Kredity	128	128
nex_machina	603	ui	ui/icon_gen.webp	Generátor	128	128
nex_machina	604	ui	ui/icon_life.webp	Život	128	128
nex_machina	605	ui	ui/icon_shield.webp	Štít	128	128
nex_machina	606	ui	ui/ui_button.webp	Tlačítko	256	64
nex_machina	607	ui	ui/ui_card_bg.webp	Karta	192	192
nex_machina	608	ui	ui/ui_tab_active.webp	Aktivní záložka	256	64
nex_machina	700	backgrounds	backgrounds/layer_0.webp	Vrstva 0	320	640
nex_machina	701	backgrounds	backgrounds/layer_1.webp	Vrstva 1	320	640
nex_machina	702	backgrounds	backgrounds/layer_2.webp	Vrstva 2	320	640
nex_machina	703	backgrounds	backgrounds/layer_3.webp	Vrstva 3	320	640
nex_machina	800	sfx	sfx/explosion_large.m4a	Velká exploze	1	
nex_machina	801	sfx	sfx/explosion_small.m4a	Malá exploze	1	
nex_machina	802	sfx	sfx/fire_beam.m4a	Paprsek	1	
nex_machina	803	sfx	sfx/fire_bullet.m4a	Výstřel	1	
nex_machina	804	sfx	sfx/game_over.m4a	Konec hry	2	
nex_machina	805	sfx	sfx/hit_hull.m4a	Zásah trupu	1	
nex_machina	806	sfx	sfx/hit_shield.m4a	Zásah štítu	1	
nex_machina	807	sfx	sfx/pickup.m4a	Bonus	1	
nex_machina	808	sfx	sfx/sector_complete.m4a	Sektor dokončen	2	
nex_machina	809	sfx	sfx/weapon_unlock.m4a	Nová zbraň	1	
nex_machina	900	music	music/intro.m4a	Intro	12	
nex_machina	901	music	music/theme_1.m4a	Téma 1	40	
nex_machina	902	music	music/theme_2.m4a	Téma 2	40	
nex_machina	903	music	music/theme_3.m4a	Téma 3	40	
nex_machina	904	music	music/theme_4.m4a	Téma 4	40	
nex_machina	905	music	music/theme_5.m4a	Téma 5 (boss)	45	
river_raid	10	preview	preview/preview.webp	Náhled	384	384
river_raid	100	vessels	vessels/vessel_0.webp	Loď 1	256	189
river_raid	101	vessels	vessels/vessel_1.webp	Loď 2	256	189
river_raid	102	vessels	vessels/vessel_2.webp	Loď 3	256	189
river_raid	103	vessels	vessels/vessel_3.webp	Loď 4	256	189
river_raid	104	vessels	vessels/vessel_4.webp	Loď 5	256	189
river_raid	105	vessels	vessels/vessel_5.webp	Loď 6	256	189
river_raid	200	enemies	enemies/roster.webp	Přehled nepřátel	756	216
river_raid	201	enemies	enemies/falcon.webp	Falcon	256	256
river_raid	202	enemies	enemies/falcon1.webp	Falcon 1	256	256
river_raid	203	enemies	enemies/falcon2.webp	Falcon 2	256	256
river_raid	204	enemies	enemies/falcon3.webp	Falcon 3	256	256
river_raid	205	enemies	enemies/falcon4.webp	Falcon 4	256	256
river_raid	206	enemies	enemies/falcon5.webp	Falcon 5	256	256
river_raid	207	enemies	enemies/falcon6.webp	Falcon 6	256	256
river_raid	208	enemies	enemies/falconx.webp	Falcon X	256	256
river_raid	209	enemies	enemies/falconx2.webp	Falcon X-II	256	256
river_raid	210	enemies	enemies/falconx3.webp	Falcon X-III	256	256
river_raid	211	enemies	enemies/falconxb.webp	Falcon XB	256	256
river_raid	212	enemies	enemies/falconxt.webp	Falcon XT	256	256
river_raid	300	boss	boss/bouncer.webp	Bouncer	231	256
river_raid	400	asteroids	asteroids/asteroid.webp	Asteroid 1	256	244
river_raid	401	asteroids	asteroids/asteroid1.webp	Asteroid 2	136	256
river_raid	402	asteroids	asteroids/asteroid2.webp	Asteroid 3	177	256
river_raid	403	asteroids	asteroids/asteroid3.webp	Asteroid 4	256	173
river_raid	500	fx	fx/blaster.webp	Blaster	256	73
river_raid	501	fx	fx/bubble.webp	Bublina	240	232
river_raid	502	fx	fx/explosion1.webp	Exploze 1	256	256
river_raid	503	fx	fx/explosion2.webp	Exploze 2	256	256
river_raid	504	fx	fx/explosion3.webp	Exploze 3	256	256
river_raid	505	fx	fx/explosion4.webp	Exploze 4	256	256
river_raid	506	fx	fx/laser.webp	Laser	160	160
river_raid	507	fx	fx/rododendron.webp	Rododendron	256	256
river_raid	508	fx	fx/starg.webp	Hvězda (zelená)	96	96
river_raid	509	fx	fx/vulcan.webp	Vulcan	40	96
river_raid	600	ui	ui/comcenter_bg.webp	Com Center	128	256
river_raid	601	ui	ui/icon_bomb.webp	Bomba	128	128
river_raid	602	ui	ui/icon_credit.webp	Kredity	128	128
river_raid	603	ui	ui/icon_gen.webp	Generátor	128	128
river_raid	604	ui	ui/icon_life.webp	Život	128	128
river_raid	605	ui	ui/icon_shield.webp	Štít	128	128
river_raid	606	ui	ui/ui_button.webp	Tlačítko	256	64
river_raid	607	ui	ui/ui_card_bg.webp	Karta	192	192
river_raid	608	ui	ui/ui_tab_active.webp	Aktivní záložka	256	64
river_raid	700	backgrounds	backgrounds/layer_0.webp	Vrstva 0	320	640
river_raid	701	backgrounds	backgrounds/layer_1.webp	Vrstva 1	320	640
river_raid	702	backgrounds	backgrounds/layer_2.webp	Vrstva 2	320	640
river_raid	703	backgrounds	backgrounds/layer_3.webp	Vrstva 3	320	640
river_raid	800	sfx	sfx/explosion_large.m4a	Velká exploze	1	
river_raid	801	sfx	sfx/explosion_small.m4a	Malá exploze	1	
river_raid	802	sfx	sfx/fire_beam.m4a	Paprsek	1	
river_raid	803	sfx	sfx/fire_bullet.m4a	Výstřel	1	
river_raid	804	sfx	sfx/game_over.m4a	Konec hry	2	
river_raid	805	sfx	sfx/hit_hull.m4a	Zásah trupu	1	
river_raid	806	sfx	sfx/hit_shield.m4a	Zásah štítu	1	
river_raid	807	sfx	sfx/pickup.m4a	Bonus	1	
river_raid	808	sfx	sfx/sector_complete.m4a	Sektor dokončen	2	
river_raid	809	sfx	sfx/weapon_unlock.m4a	Nová zbraň	1	
river_raid	900	music	music/intro.m4a	Intro	12	
river_raid	901	music	music/theme_1.m4a	Téma 1	40	
river_raid	902	music	music/theme_2.m4a	Téma 2	40	
river_raid	903	music	music/theme_3.m4a	Téma 3	40	
river_raid	904	music	music/theme_4.m4a	Téma 4	40	
river_raid	905	music	music/theme_5.m4a	Téma 5 (boss)	45	
default	10	preview	preview/preview.webp	Náhled	384	384
default	100	vessels	vessels/vessel.webp	Loď	114	84
default	200	enemies	enemies/roster.webp	Přehled nepřátel	756	216
default	201	enemies	enemies/falcon.webp	Falcon	256	256
default	202	enemies	enemies/falcon1.webp	Falcon 1	256	256
default	203	enemies	enemies/falcon2.webp	Falcon 2	256	256
default	204	enemies	enemies/falcon3.webp	Falcon 3	256	256
default	205	enemies	enemies/falcon4.webp	Falcon 4	256	256
default	206	enemies	enemies/falcon5.webp	Falcon 5	256	256
default	207	enemies	enemies/falcon6.webp	Falcon 6	256	256
default	208	enemies	enemies/falconx.webp	Falcon X	256	256
default	209	enemies	enemies/falconx2.webp	Falcon X-II	256	256
default	210	enemies	enemies/falconx3.webp	Falcon X-III	256	256
default	211	enemies	enemies/falconxb.webp	Falcon XB	256	256
default	212	enemies	enemies/falconxt.webp	Falcon XT	256	256
default	300	boss	boss/bouncer.webp	Bouncer	231	256
default	400	asteroids	asteroids/asteroid.webp	Asteroid 1	84	80
default	401	asteroids	asteroids/asteroid1.webp	Asteroid 2	88	166
default	402	asteroids	asteroids/asteroid2.webp	Asteroid 3	104	150
default	403	asteroids	asteroids/asteroid3.webp	Asteroid 4	74	50
default	500	fx	fx/blaster.webp	Blaster	84	24
default	501	fx	fx/bubble.webp	Bublina	60	58
default	502	fx	fx/explosion1.webp	Exploze 1	180	180
default	503	fx	fx/explosion2.webp	Exploze 2	180	180
default	504	fx	fx/explosion3.webp	Exploze 3	180	180
default	505	fx	fx/explosion4.webp	Exploze 4	180	180
default	506	fx	fx/laser.webp	Laser	40	40
default	507	fx	fx/rododendron.webp	Rododendron	256	256
default	508	fx	fx/star.webp	Hvězda	30	30
default	509	fx	fx/starg.webp	Hvězda (zelená)	24	24
default	510	fx	fx/vulcan.webp	Vulcan	10	24
default	600	ui	ui/comcenter_bg.webp	Com Center	128	256
default	601	ui	ui/ui_button.webp	Tlačítko	256	64
default	602	ui	ui/ui_card_bg.webp	Karta	192	192
default	603	ui	ui/ui_tab_active.webp	Aktivní záložka	256	64
default	800	sfx	sfx/explosion_large.m4a	Velká exploze	1	
default	801	sfx	sfx/explosion_small.m4a	Malá exploze	1	
default	802	sfx	sfx/fire_beam.m4a	Paprsek	1	
default	803	sfx	sfx/fire_bullet.m4a	Výstřel	1	
default	804	sfx	sfx/game_over.m4a	Konec hry	2	
default	805	sfx	sfx/hit_hull.m4a	Zásah trupu	1	
default	806	sfx	sfx/hit_shield.m4a	Zásah štítu	1	
default	807	sfx	sfx/pickup.m4a	Bonus	1	
default	808	sfx	sfx/sector_complete.m4a	Sektor dokončen	2	
default	809	sfx	sfx/weapon_unlock.m4a	Nová zbraň	1	
default	900	music	music/intro.m4a	Intro	12	
default	901	music	music/theme_1.m4a	Téma 1	40	
default	902	music	music/theme_2.m4a	Téma 2	40	
default	903	music	music/theme_3.m4a	Téma 3	40	
default	904	music	music/theme_4.m4a	Téma 4	40	
default	905	music	music/theme_5.m4a	Téma 5 (boss)	45	
