planes	0	BiPlane1.webp	Doodlebug	512	512
planes	1	model_barnstormer.webp	Barnstormer	512	512
planes	2	model_bathtub.webp	Bathtub	512	512
planes	3	model_crop_duster.webp	Crop Duster	512	512
planes	4	model_delta_glider.webp	Delta Glider	512	512
planes	5	model_dragon.webp	Dragon	512	512
planes	6	model_flying_boat.webp	Flying Boat	512	512
planes	7	model_flying_car.webp	Flying Car	512	512
planes	8	model_goose.webp	Goose	512	512
planes	9	model_gull_wing.webp	Gull Wing	512	512
planes	10	model_gunship.webp	Gunship	512	512
planes	11	model_gyrocopter.webp	Gyrocopter	512	512
planes	12	model_hover_pod.webp	Hover Pod	512	512
planes	13	model_interceptor.webp	Interceptor	512	512
planes	14	model_ornithopter.webp	Ornithopter	512	512
planes	15	model_paper_plane.webp	Paper Plane	512	512
planes	16	model_racer.webp	Racer	512	512
planes	17	model_rocket.webp	Rocket	512	512
planes	18	model_saucer.webp	Saucer	512	512
planes	19	model_seaplane.webp	Seaplane	512	512
planes	20	model_shuttle.webp	Shuttle	512	512
planes	21	model_starfighter.webp	Starfighter	512	512
planes	22	model_stealth.webp	Stealth	512	512
planes	23	model_tiltrotor.webp	Tiltrotor	512	512
planes	24	model_triplane.webp	Triplane	512	512
planes	25	model_twin_boom.webp	Twin Boom	512	512
planes	26	model_unicorn.webp	Unicorn	512	512
planes	27	model_wasp.webp	Wasp	512	512
planes	28	model_zeppelin.webp	Zeppelin	512	512
skins	1	skin_aeronautique_blue.webp	Aeronautique Blue	512	512
skins	2	skin_arcade_pixel.webp	Arcade Pixel	512	512
skins	3	skin_arctic_camo.webp	Arctic Camo	512	512
skins	4	skin_aurora_borealis.webp	Aurora Borealis	512	512
skins	5	skin_autumn_camo.webp	Autumn Camo	512	512
skins	6	skin_barnstormer_yellow.webp	Barnstormer Yellow	512	512
skins	7	skin_brick_hero.webp	Brick Hero	512	512
skins	8	skin_candy_stripe.webp	Candy Stripe	512	512
skins	9	skin_carbon_weave.webp	Carbon Weave	512	512
skins	10	skin_checkerboard.webp	Checkerboard	512	512
skins	11	skin_chrome_shine.webp	Chrome Shine	512	512
skins	12	skin_circuit_board.webp	Circuit Board	512	512
skins	13	skin_copper_patina.webp	Copper Patina	512	512
skins	14	skin_crystal_ice.webp	Crystal Ice	512	512
skins	15	skin_deep_ocean.webp	Deep Ocean	512	512
skins	16	skin_desert_camo.webp	Desert Camo	512	512
skins	17	skin_doodle_red.webp	Doodle Red	512	512
skins	18	skin_dragon_scale.webp	Dragon Scale	512	512
skins	19	skin_dream_pink.webp	Dream Pink	512	512
skins	20	skin_forest_camo.webp	Forest Camo	512	512
skins	21	skin_galaxy_nebula.webp	Galaxy Nebula	512	512
skins	22	skin_galaxy_saber.webp	Galaxy Saber	512	512
skins	23	skin_gold_leaf.webp	Gold Leaf	512	512
skins	24	skin_gotham_night.webp	Gotham Night	512	512
skins	25	skin_gunmetal.webp	Gunmetal	512	512
skins	26	skin_hero_comic.webp	Hero Comic	512	512
skins	27	skin_holo_shift.webp	Holo Shift	512	512
skins	28	skin_jungle_camo.webp	Jungle Camo	512	512
skins	29	skin_koala_pastel.webp	Koala Pastel	512	512
skins	30	skin_lava_flow.webp	Lava Flow	512	512
skins	31	skin_lightning_bolt.webp	Lightning Bolt	512	512
skins	32	skin_luftstreit_grey.webp	Luftstreit Grey	512	512
skins	33	skin_naval_dazzle.webp	Naval Dazzle	512	512
skins	34	skin_night_camo.webp	Night Camo	512	512
skins	35	skin_obsidian_gloss.webp	Obsidian Gloss	512	512
skins	36	skin_phoenix_flame.webp	Phoenix Flame	512	512
skins	37	skin_polka_dot.webp	Polka Dot	512	512
skins	38	skin_racing_stripe.webp	Racing Stripe	512	512
skins	39	skin_raf_khaki.webp	RAF Khaki	512	512
skins	40	skin_retro_wave.webp	Retro Wave	512	512
skins	41	skin_rose_gold.webp	Rose Gold	512	512
skins	42	skin_silver_dart.webp	Silver Dart	512	512
skins	43	skin_sponge_yellow.webp	Sponge Yellow	512	512
skins	44	skin_storm_grey_camo.webp	Storm Grey Camo	512	512
skins	45	skin_sunset_fade.webp	Sunset Fade	512	512
skins	46	skin_tiger_stripe.webp	Tiger Stripe	512	512
skins	47	skin_toxic_glow.webp	Toxic Glow	512	512
skins	48	skin_villain_purple.webp	Villain Purple	512	512
skins	49	skin_volcanic_camo.webp	Volcanic Camo	512	512
skins	50	skin_woodgrain.webp	Woodgrain	512	512
backgrounds	1	DuneSea.webp	Dune Sea	960	640
backgrounds	2	Metropolis.webp	Metropolis	960	640
backgrounds	3	MistyPeaks.webp	Misty Peaks	960	640
backgrounds	4	Orbit.webp	Orbit	960	640
backgrounds	5	Volcano.webp	Volcano	960	640
foregrounds	1	DuneSea_fg.webp	Dune Sea	1280	307
foregrounds	2	Metropolis_fg.webp	Metropolis	1280	476
foregrounds	3	MistyPeaks_fg.webp	Misty Peaks	1280	280
foregrounds	4	Orbit_fg.webp	Orbit	1280	221
foregrounds	5	Volcano_fg.webp	Volcano	1280	377
projectiles	1	metal_tracer.webp	Metal Tracer	128	64
projectiles	2	metal_pellet.webp	Metal Pellet	64	64
projectiles	3	metal_bomb.webp	Metal Bomb	192	96
projectiles	4	metal_bolt.webp	Metal Bolt	192	48
projectiles	5	metal_rocket.webp	Metal Rocket	192	80
projectiles	6	metal_mine.webp	Metal Mine	128	128
projectiles	7	fire_tracer.webp	Fire Tracer	128	64
projectiles	8	fire_pellet.webp	Fire Pellet	64	64
projectiles	9	fire_bomb.webp	Fire Bomb	192	96
projectiles	10	fire_bolt.webp	Fire Bolt	192	48
projectiles	11	fire_rocket.webp	Fire Rocket	192	80
projectiles	12	fire_mine.webp	Fire Mine	128	128
projectiles	13	lightning_tracer.webp	Lightning Tracer	128	64
projectiles	14	lightning_pellet.webp	Lightning Pellet	64	64
projectiles	15	lightning_bomb.webp	Lightning Bomb	192	96
projectiles	16	lightning_bolt.webp	Lightning Bolt	192	48
projectiles	17	lightning_rocket.webp	Lightning Rocket	192	80
projectiles	18	lightning_mine.webp	Lightning Mine	128	128
projectiles	19	venom_tracer.webp	Venom Tracer	128	64
projectiles	20	venom_pellet.webp	Venom Pellet	64	64
projectiles	21	venom_bomb.webp	Venom Bomb	192	96
projectiles	22	venom_bolt.webp	Venom Bolt	192	48
projectiles	23	venom_rocket.webp	Venom Rocket	192	80
projectiles	24	venom_mine.webp	Venom Mine	128	128
projectiles	25	plasma_tracer.webp	Plasma Tracer	128	64
projectiles	26	plasma_pellet.webp	Plasma Pellet	64	64
projectiles	27	plasma_bomb.webp	Plasma Bomb	192	96
projectiles	28	plasma_bolt.webp	Plasma Bolt	192	48
projectiles	29	plasma_rocket.webp	Plasma Rocket	192	80
projectiles	30	plasma_mine.webp	Plasma Mine	128	128
projectiles	31	air_tracer.webp	Air Tracer	128	64
projectiles	32	air_pellet.webp	Air Pellet	64	64
projectiles	33	air_bomb.webp	Air Bomb	192	96
projectiles	34	air_bolt.webp	Air Bolt	192	48
projectiles	35	air_rocket.webp	Air Rocket	192	80
projectiles	36	air_mine.webp	Air Mine	128	128
effects	1	metal_impact.webp	Metal Impact	768	128
effects	2	metal_explosion.webp	Metal Explosion	1536	192
effects	3	fire_impact.webp	Fire Impact	768	128
effects	4	fire_explosion.webp	Fire Explosion	1536	192
effects	5	lightning_impact.webp	Lightning Impact	768	128
effects	6	lightning_explosion.webp	Lightning Explosion	1536	192
effects	7	venom_impact.webp	Venom Impact	768	128
effects	8	venom_explosion.webp	Venom Explosion	1536	192
effects	9	plasma_impact.webp	Plasma Impact	768	128
effects	10	plasma_explosion.webp	Plasma Explosion	1536	192
effects	11	air_impact.webp	Air Impact	768	128
effects	12	air_explosion.webp	Air Explosion	1536	192
