vanguard	10	preview	preview/preview.webp	Náhled	384	384
vanguard	100	white	white/pawn.webp	Pěšec	256	256
vanguard	101	white	white/knight.webp	Jezdec	256	256
vanguard	102	white	white/bishop.webp	Střelec	256	256
vanguard	103	white	white/rook.webp	Věž	256	256
vanguard	104	white	white/queen.webp	Dáma	256	256
vanguard	105	white	white/king.webp	Král	256	256
vanguard	200	black	black/pawn.webp	Pěšec	256	256
vanguard	201	black	black/knight.webp	Jezdec	256	256
vanguard	202	black	black/bishop.webp	Střelec	256	256
vanguard	203	black	black/rook.webp	Věž	256	256
vanguard	204	black	black/queen.webp	Dáma	256	256
vanguard	205	black	black/king.webp	Král	256	256
solar_crusade	10	preview	preview/preview.webp	Náhled	384	384
solar_crusade	100	white	white/pawn.webp	Pěšec	256	256
solar_crusade	101	white	white/knight.webp	Jezdec	256	256
solar_crusade	102	white	white/bishop.webp	Střelec	256	256
solar_crusade	103	white	white/rook.webp	Věž	256	256
solar_crusade	104	white	white/queen.webp	Dáma	256	256
solar_crusade	105	white	white/king.webp	Král	256	256
solar_crusade	200	black	black/pawn.webp	Pěšec	256	256
solar_crusade	201	black	black/knight.webp	Jezdec	256	256
solar_crusade	202	black	black/bishop.webp	Střelec	256	256
solar_crusade	203	black	black/rook.webp	Věž	256	256
solar_crusade	204	black	black/queen.webp	Dáma	256	256
solar_crusade	205	black	black/king.webp	Král	256	256
void_hive	10	preview	preview/preview.webp	Náhled	384	384
void_hive	100	white	white/pawn.webp	Pěšec	256	256
void_hive	101	white	white/knight.webp	Jezdec	256	256
void_hive	102	white	white/bishop.webp	Střelec	256	256
void_hive	103	white	white/rook.webp	Věž	256	256
void_hive	104	white	white/queen.webp	Dáma	256	256
void_hive	105	white	white/king.webp	Král	256	256
void_hive	200	black	black/pawn.webp	Pěšec	256	256
void_hive	201	black	black/knight.webp	Jezdec	256	256
void_hive	202	black	black/bishop.webp	Střelec	256	256
void_hive	203	black	black/rook.webp	Věž	256	256
void_hive	204	black	black/queen.webp	Dáma	256	256
void_hive	205	black	black/king.webp	Král	256	256
neon_runners	10	preview	preview/preview.webp	Náhled	384	384
neon_runners	100	white	white/pawn.webp	Pěšec	256	256
neon_runners	101	white	white/knight.webp	Jezdec	256	256
neon_runners	102	white	white/bishop.webp	Střelec	256	256
neon_runners	103	white	white/rook.webp	Věž	256	256
neon_runners	104	white	white/queen.webp	Dáma	256	256
neon_runners	105	white	white/king.webp	Král	256	256
neon_runners	200	black	black/pawn.webp	Pěšec	256	256
neon_runners	201	black	black/knight.webp	Jezdec	256	256
neon_runners	202	black	black/bishop.webp	Střelec	256	256
neon_runners	203	black	black/rook.webp	Věž	256	256
neon_runners	204	black	black/queen.webp	Dáma	256	256
neon_runners	205	black	black/king.webp	Král	256	256
iron_armada	10	preview	preview/preview.webp	Náhled	384	384
iron_armada	100	white	white/pawn.webp	Pěšec	256	256
iron_armada	101	white	white/knight.webp	Jezdec	256	256
iron_armada	102	white	white/bishop.webp	Střelec	256	256
iron_armada	103	white	white/rook.webp	Věž	256	256
iron_armada	104	white	white/queen.webp	Dáma	256	256
iron_armada	105	white	white/king.webp	Král	256	256
iron_armada	200	black	black/pawn.webp	Pěšec	256	256
iron_armada	201	black	black/knight.webp	Jezdec	256	256
iron_armada	202	black	black/bishop.webp	Střelec	256	256
iron_armada	203	black	black/rook.webp	Věž	256	256
iron_armada	204	black	black/queen.webp	Dáma	256	256
iron_armada	205	black	black/king.webp	Král	256	256
crystal_choir	10	preview	preview/preview.webp	Náhled	384	384
crystal_choir	100	white	white/pawn.webp	Pěšec	256	256
crystal_choir	101	white	white/knight.webp	Jezdec	256	256
crystal_choir	102	white	white/bishop.webp	Střelec	256	256
crystal_choir	103	white	white/rook.webp	Věž	256	256
crystal_choir	104	white	white/queen.webp	Dáma	256	256
crystal_choir	105	white	white/king.webp	Král	256	256
crystal_choir	200	black	black/pawn.webp	Pěšec	256	256
crystal_choir	201	black	black/knight.webp	Jezdec	256	256
crystal_choir	202	black	black/bishop.webp	Střelec	256	256
crystal_choir	203	black	black/rook.webp	Věž	256	256
crystal_choir	204	black	black/queen.webp	Dáma	256	256
crystal_choir	205	black	black/king.webp	Král	256	256
ronin_blades	10	preview	preview/preview.webp	Náhled	384	384
ronin_blades	100	white	white/pawn.webp	Pěšec	256	256
ronin_blades	101	white	white/knight.webp	Jezdec	256	256
ronin_blades	102	white	white/bishop.webp	Střelec	256	256
ronin_blades	103	white	white/rook.webp	Věž	256	256
ronin_blades	104	white	white/queen.webp	Dáma	256	256
ronin_blades	105	white	white/king.webp	Král	256	256
ronin_blades	200	black	black/pawn.webp	Pěšec	256	256
ronin_blades	201	black	black/knight.webp	Jezdec	256	256
ronin_blades	202	black	black/bishop.webp	Střelec	256	256
ronin_blades	203	black	black/rook.webp	Věž	256	256
ronin_blades	204	black	black/queen.webp	Dáma	256	256
ronin_blades	205	black	black/king.webp	Král	256	256
atomic_age	10	preview	preview/preview.webp	Náhled	384	384
atomic_age	100	white	white/pawn.webp	Pěšec	256	256
atomic_age	101	white	white/knight.webp	Jezdec	256	256
atomic_age	102	white	white/bishop.webp	Střelec	256	256
atomic_age	103	white	white/rook.webp	Věž	256	256
atomic_age	104	white	white/queen.webp	Dáma	256	256
atomic_age	105	white	white/king.webp	Král	256	256
atomic_age	200	black	black/pawn.webp	Pěšec	256	256
atomic_age	201	black	black/knight.webp	Jezdec	256	256
atomic_age	202	black	black/bishop.webp	Střelec	256	256
atomic_age	203	black	black/rook.webp	Věž	256	256
atomic_age	204	black	black/queen.webp	Dáma	256	256
atomic_age	205	black	black/king.webp	Král	256	256
abyssal_tide	10	preview	preview/preview.webp	Náhled	384	384
abyssal_tide	100	white	white/pawn.webp	Pěšec	256	256
abyssal_tide	101	white	white/knight.webp	Jezdec	256	256
abyssal_tide	102	white	white/bishop.webp	Střelec	256	256
abyssal_tide	103	white	white/rook.webp	Věž	256	256
abyssal_tide	104	white	white/queen.webp	Dáma	256	256
abyssal_tide	105	white	white/king.webp	Král	256	256
abyssal_tide	200	black	black/pawn.webp	Pěšec	256	256
abyssal_tide	201	black	black/knight.webp	Jezdec	256	256
abyssal_tide	202	black	black/bishop.webp	Střelec	256	256
abyssal_tide	203	black	black/rook.webp	Věž	256	256
abyssal_tide	204	black	black/queen.webp	Dáma	256	256
abyssal_tide	205	black	black/king.webp	Král	256	256
star_nomads	10	preview	preview/preview.webp	Náhled	384	384
star_nomads	100	white	white/pawn.webp	Pěšec	256	256
star_nomads	101	white	white/knight.webp	Jezdec	256	256
star_nomads	102	white	white/bishop.webp	Střelec	256	256
star_nomads	103	white	white/rook.webp	Věž	256	256
star_nomads	104	white	white/queen.webp	Dáma	256	256
star_nomads	105	white	white/king.webp	Král	256	256
star_nomads	200	black	black/pawn.webp	Pěšec	256	256
star_nomads	201	black	black/knight.webp	Jezdec	256	256
star_nomads	202	black	black/bishop.webp	Střelec	256	256
star_nomads	203	black	black/rook.webp	Věž	256	256
star_nomads	204	black	black/queen.webp	Dáma	256	256
star_nomads	205	black	black/king.webp	Král	256	256
