numbers-1-10	photo	0	num.one.webp	jedna	one
numbers-1-10	photo	1	num.two.webp	dva	two
numbers-1-10	photo	2	num.three.webp	tři	three
numbers-1-10	photo	3	num.four.webp	čtyři	four
numbers-1-10	photo	4	num.five.webp	pět	five
numbers-1-10	ink	0	num.six.webp	šest	six
numbers-1-10	ink	1	num.seven.webp	sedm	seven
numbers-1-10	ink	2	num.eight.webp	osm	eight
numbers-1-10	ink	3	num.nine.webp	devět	nine
numbers-1-10	ink	4	num.ten.webp	deset	ten
colors-basic	photo	0	color.red.webp	červená	red
colors-basic	photo	1	color.blue.webp	modrá	blue
colors-basic	photo	2	color.green.webp	zelená	green
colors-basic	photo	3	color.yellow.webp	žlutá	yellow
colors-basic	photo	4	color.orange.webp	oranžová	orange
colors-basic	watercolor	0	color.purple.webp	fialová	purple
colors-basic	watercolor	1	color.pink.webp	růžová	pink
colors-basic	watercolor	2	color.brown.webp	hnědá	brown
colors-basic	watercolor	3	color.black.webp	černá	black
colors-basic	watercolor	4	color.white.webp	bílá	white
animals-pets	photo	0	pet.dog.webp	pes	dog
animals-pets	photo	1	pet.cat.webp	kočka	cat
animals-pets	photo	2	pet.rabbit.webp	králík	rabbit
animals-pets	photo	3	pet.hamster.webp	křeček	golden hamster
animals-pets	photo	4	pet.goldfish.webp	zlatá rybka	goldfish
animals-pets	ink	0	pet.parrot.webp	papoušek	parrot
animals-pets	ink	1	pet.turtle.webp	želva	turtle
animals-pets	ink	2	pet.guinea_pig.webp	morče	guinea pig
animals-pets	ink	3	pet.mouse.webp	myš bílá	white lab rat
animals-pets	ink	4	pet.rat.webp	krysa domácí	"rat"
animals-birds	photo	0	animal.eagle.webp	orel	bald eagle
animals-birds	photo	1	animal.owl.webp	sova	owl
animals-birds	photo	2	animal.penguin.webp	tučňák	penguin
animals-birds	photo	3	animal.parrot.webp	papoušek	parrot
animals-birds	photo	4	animal.flamingo.webp	plameňák	flamingo
animals-birds	pastel	0	animal.toucan.webp	tukan	toucan
animals-birds	pastel	1	animal.peacock.webp	páv	peacock
animals-birds	pastel	2	animal.hummingbird.webp	kolibřík	hummingbird
animals-birds	pastel	3	animal.crow.webp	vrána	crow
animals-birds	pastel	4	animal.pigeon.webp	holub	pigeon
animals-farm	photo	0	farm.cow.webp	kráva	cow
animals-farm	photo	1	farm.pig.webp	prase	pig
animals-farm	photo	2	farm.sheep.webp	ovce	sheep
animals-farm	photo	3	farm.chicken.webp	slepice	chicken
animals-farm	photo	4	farm.goat.webp	koza	goat
animals-farm	ink	0	farm.horse.webp	kůň	horse
animals-farm	ink	1	farm.donkey.webp	osel	donkey
animals-farm	ink	2	farm.duck.webp	kachna	duck
animals-farm	ink	3	farm.turkey.webp	krocan	turkey
animals-farm	ink	4	farm.rabbit.webp	králík	rabbit
animals-insects	photo	0	insect.butterfly.webp	motýl	butterfly
animals-insects	photo	1	insect.bee.webp	včela	bee
animals-insects	photo	2	insect.ladybug.webp	beruška	ladybug
animals-insects	photo	3	insect.dragonfly.webp	vážka	dragonfly
animals-insects	photo	4	insect.ant.webp	mravenec	ant
animals-insects	pastel	0	insect.beetle.webp	brouk	beetle
animals-insects	pastel	1	insect.grasshopper.webp	kobylka	grasshopper
animals-insects	pastel	2	insect.cricket.webp	cvrček	cricket
animals-insects	pastel	3	insect.mosquito.webp	komár	mosquito
animals-insects	pastel	4	insect.fly.webp	moucha	fly
animals-reptiles	photo	0	reptile.snake.webp	had	snake
animals-reptiles	photo	1	reptile.lizard.webp	ještěr	lizard
animals-reptiles	photo	2	reptile.crocodile.webp	krokodýl	crocodile
animals-reptiles	photo	3	reptile.gecko.webp	gekon	gecko
animals-reptiles	photo	4	reptile.chameleon.webp	chameleon	chameleon
animals-reptiles	pastel	0	reptile.tortoise.webp	suchozemská želva	land tortoise
animals-reptiles	pastel	1	reptile.frog.webp	žába	frog
animals-reptiles	pastel	2	reptile.salamander.webp	mlok	newt
animals-reptiles	pastel	3	reptile.alligator.webp	aligátor	alligator
animals-reptiles	pastel	4	reptile.python.webp	krajta	python
animals-sea	photo	0	animal.dolphin.webp	delfín	dolphin
animals-sea	photo	1	animal.shark.webp	žralok	shark
animals-sea	photo	2	animal.whale.webp	velryba	whale
animals-sea	photo	3	animal.octopus.webp	chobotnice	octopus
animals-sea	photo	4	animal.seahorse.webp	mořský koník	seahorse
animals-sea	pastel	0	animal.sea_turtle.webp	mořská želva	sea turtle
animals-sea	pastel	1	animal.crab.webp	krab	crab
animals-sea	pastel	2	animal.jellyfish.webp	medúza	jellyfish
animals-sea	pastel	3	animal.lobster.webp	humr	lobster
animals-sea	pastel	4	animal.shrimp.webp	kreveta	shrimp
animals-wild	photo	0	animal.lion.webp	lev	lion
animals-wild	photo	1	animal.elephant.webp	slon	elephant
animals-wild	photo	2	animal.giraffe.webp	žirafa	giraffe
animals-wild	photo	3	animal.zebra.webp	zebra	zebra
animals-wild	photo	4	animal.wolf.webp	vlk	wolf
animals-wild	pastel	0	animal.bear.webp	medvěd	bear
animals-wild	pastel	1	animal.tiger.webp	tygr	Tiger
animals-wild	pastel	2	animal.hippopotamus.webp	hroch	hippopotamus
animals-wild	pastel	3	animal.rhinoceros.webp	nosorožec	rhino
animals-wild	pastel	4	animal.gorilla.webp	gorila	gorilla
body-parts	photo	0	body.head.webp	hlava	head
body-parts	photo	1	body.hand.webp	ruka	hand
body-parts	photo	2	body.foot.webp	noha (chodidlo)	foot
body-parts	photo	3	body.eye.webp	oko	eye
body-parts	photo	4	body.ear.webp	ucho	ear
body-parts	watercolor	0	body.nose.webp	nos	nose
body-parts	watercolor	1	body.mouth.webp	ústa	mouth
body-parts	watercolor	2	body.heart.webp	srdce	heart
body-parts	watercolor	3	body.arm.webp	paže	arm
body-parts	watercolor	4	body.leg.webp	noha	leg
emotions	photo	0	emotion.happy.webp	šťastný	happy
emotions	photo	1	emotion.sad.webp	smutný	sad
emotions	photo	2	emotion.angry.webp	naštvaný	angry
emotions	photo	3	emotion.surprised.webp	překvapený	surprised
emotions	photo	4	emotion.scared.webp	vystrašený	frightened
emotions	watercolor	0	emotion.tired.webp	unavený	tired
emotions	watercolor	1	emotion.excited.webp	nadšený	enthusiastic
emotions	watercolor	2	emotion.calm.webp	klidný	calm
emotions	watercolor	3	emotion.bored.webp	nuda	boredom
emotions	watercolor	4	emotion.confused.webp	zmatenost	confusion
food-fruits	photo	0	fruit.apple.webp	jablko	apple
food-fruits	photo	1	fruit.banana.webp	banán	banana
food-fruits	photo	2	fruit.orange.webp	pomeranč	orange
food-fruits	photo	3	fruit.strawberry.webp	jahoda	strawberry
food-fruits	photo	4	fruit.grape.webp	hrozno	grape
food-fruits	pastel	0	fruit.watermelon.webp	meloun vodní	watermelon
food-fruits	pastel	1	fruit.mango.webp	mango	mango
food-fruits	pastel	2	fruit.cherry.webp	třešeň	cherry
food-fruits	pastel	3	fruit.pear.webp	hruška	pear
food-fruits	pastel	4	fruit.pineapple.webp	ananas	pineapple
food-vegetables	photo	0	veg.carrot.webp	mrkev	carrot
food-vegetables	photo	1	veg.potato.webp	brambor	potato
food-vegetables	photo	2	veg.broccoli.webp	brokolice	broccoli
food-vegetables	photo	3	veg.tomato.webp	rajče	tomato
food-vegetables	photo	4	veg.onion.webp	cibule	onion
food-vegetables	pastel	0	veg.cucumber.webp	okurka	cucumber
food-vegetables	pastel	1	veg.corn.webp	kukuřice	maize
food-vegetables	pastel	2	veg.pepper.webp	paprika	bell pepper
food-vegetables	pastel	3	veg.mushroom.webp	houba	mushroom
food-vegetables	pastel	4	veg.garlic.webp	česnek	garlic
weather	photo	0	weather.sunny.webp	slunečno	sunny
weather	photo	1	weather.rainy.webp	deštivo	rain
weather	photo	2	weather.snowy.webp	sněžení	snowfall
weather	photo	3	weather.cloudy.webp	oblačno	cloudy
weather	photo	4	weather.windy.webp	větrno	windy
weather	watercolor	0	weather.foggy.webp	mlhavo	foggy
weather	watercolor	1	weather.stormy.webp	bouřka	thunderstorm
weather	watercolor	2	weather.rainbow.webp	duha	rainbow
weather	watercolor	3	weather.hailing.webp	krupobití	hale
weather	watercolor	4	weather.lightning.webp	blesk	lightning
