numbers-1-10	Čísla 1–50	50	1	photo/num.one.webp
colors-basic	Základní barvy	50	1	photo/color.red.webp
animals-pets	Domácí zvířata	50	1	photo/pet.dog.webp
animals-birds	Ptáci	50	0	photo/animal.eagle.webp
animals-farm	Hospodářská zvířata	50	0	photo/farm.cow.webp
animals-insects	Hmyz	50	0	photo/insect.butterfly.webp
animals-reptiles	Plazi a obojživelníci	50	0	photo/reptile.snake.webp
animals-sea	Mořská zvířata	50	0	photo/animal.dolphin.webp
animals-wild	Divoká zvířata	50	0	photo/animal.lion.webp
body-parts	Části těla	50	0	photo/body.head.webp
emotions	Emoce	50	0	photo/emotion.happy.webp
food-fruits	Ovoce	50	0	photo/fruit.apple.webp
food-vegetables	Zelenina	50	0	photo/veg.carrot.webp
weather	Počasí	50	0	photo/weather.sunny.webp
