numbers-1-10	0	photo	Fotografie	Ostrá fotografie, nejblíž skutečnosti
numbers-1-10	1	ink	Štětec a tuš	Tahy štětcem, prázdný papír, barevný akcent
colors-basic	0	photo	Fotografie	Ostrá fotografie, nejblíž skutečnosti
colors-basic	1	watercolor	Akvarel	Rozpité lazury, prosvítající papír
animals-pets	0	photo	Fotografie	Ostrá fotografie, nejblíž skutečnosti
animals-pets	1	ink	Štětec a tuš	Tahy štětcem, prázdný papír, barevný akcent
animals-birds	0	photo	Fotografie	Ostrá fotografie, nejblíž skutečnosti
animals-birds	1	pastel	Pastel	Suchý pastel na tónovaném papíře
animals-farm	0	photo	Fotografie	Ostrá fotografie, nejblíž skutečnosti
animals-farm	1	ink	Štětec a tuš	Tahy štětcem, prázdný papír, barevný akcent
animals-insects	0	photo	Fotografie	Ostrá fotografie, nejblíž skutečnosti
animals-insects	1	pastel	Pastel	Suchý pastel na tónovaném papíře
animals-reptiles	0	photo	Fotografie	Ostrá fotografie, nejblíž skutečnosti
animals-reptiles	1	pastel	Pastel	Suchý pastel na tónovaném papíře
animals-sea	0	photo	Fotografie	Ostrá fotografie, nejblíž skutečnosti
animals-sea	1	pastel	Pastel	Suchý pastel na tónovaném papíře
animals-wild	0	photo	Fotografie	Ostrá fotografie, nejblíž skutečnosti
animals-wild	1	pastel	Pastel	Suchý pastel na tónovaném papíře
body-parts	0	photo	Fotografie	Ostrá fotografie, nejblíž skutečnosti
body-parts	1	watercolor	Akvarel	Rozpité lazury, prosvítající papír
emotions	0	photo	Fotografie	Ostrá fotografie, nejblíž skutečnosti
emotions	1	watercolor	Akvarel	Rozpité lazury, prosvítající papír
food-fruits	0	photo	Fotografie	Ostrá fotografie, nejblíž skutečnosti
food-fruits	1	pastel	Pastel	Suchý pastel na tónovaném papíře
food-vegetables	0	photo	Fotografie	Ostrá fotografie, nejblíž skutečnosti
food-vegetables	1	pastel	Pastel	Suchý pastel na tónovaném papíře
weather	0	photo	Fotografie	Ostrá fotografie, nejblíž skutečnosti
weather	1	watercolor	Akvarel	Rozpité lazury, prosvítající papír
