kiro	1	master.webp	Předloha	416	608
kiro	2	neutral.webp	Klid	416	608
kiro	3	smug.webp	Samolibost	416	608
kiro	4	proud.webp	Hrdost	416	608
kiro	5	pleased.webp	Spokojenost	416	608
kiro	6	scheming.webp	Pikle	416	608
kiro	7	angry.webp	Vztek	416	608
kiro	8	shocked.webp	Šok	416	608
kiro	9	confused.webp	Zmatek	416	608
kiro	10	nervous.webp	Nervozita	416	608
kiro	11	disgusted.webp	Znechucení	416	608
kiro	12	exhausted.webp	Vyčerpání	416	608
kiro	13	deadpan.webp	Kamenná tvář	416	608
mei	1	master.webp	Předloha	416	608
mei	2	neutral.webp	Klid	416	608
mei	3	smug.webp	Samolibost	416	608
mei	4	proud.webp	Hrdost	416	608
mei	5	pleased.webp	Spokojenost	416	608
mei	6	scheming.webp	Pikle	416	608
mei	7	angry.webp	Vztek	416	608
mei	8	shocked.webp	Šok	416	608
mei	9	confused.webp	Zmatek	416	608
mei	10	nervous.webp	Nervozita	416	608
mei	11	disgusted.webp	Znechucení	416	608
mei	12	exhausted.webp	Vyčerpání	416	608
mei	13	deadpan.webp	Kamenná tvář	416	608
taro	1	master.webp	Předloha	416	608
taro	2	neutral.webp	Klid	416	608
taro	3	smug.webp	Samolibost	416	608
taro	4	pleased.webp	Spokojenost	416	608
taro	5	scheming.webp	Pikle	416	608
taro	6	shocked.webp	Šok	416	608
taro	7	confused.webp	Zmatek	416	608
taro	8	nervous.webp	Nervozita	416	608
taro	9	disgusted.webp	Znechucení	416	608
taro	10	exhausted.webp	Vyčerpání	416	608
taro	11	deadpan.webp	Kamenná tvář	416	608
yuki	1	master.webp	Předloha	416	608
yuki	2	neutral.webp	Klid	416	608
yuki	3	smug.webp	Samolibost	416	608
yuki	4	proud.webp	Hrdost	416	608
yuki	5	pleased.webp	Spokojenost	416	608
yuki	6	scheming.webp	Pikle	416	608
yuki	7	angry.webp	Vztek	416	608
yuki	8	shocked.webp	Šok	416	608
yuki	9	confused.webp	Zmatek	416	608
yuki	10	nervous.webp	Nervozita	416	608
yuki	11	disgusted.webp	Znechucení	416	608
yuki	12	exhausted.webp	Vyčerpání	416	608
yuki	13	deadpan.webp	Kamenná tvář	416	608
